uei,recipient_name,city,state_code,openalex_id,ror,openalex_name,similarity
C13DF16LC3H4,UNIVERSITY OF NORTH CAROLINA AT GREENSBORO,GREENSBORO,NC,https://openalex.org/I169335092,https://ror.org/04fnxsj42,University of North Carolina at Greensboro,1.0
C148TBZATPA8,EMMA PENDLETON BRADLEY HOSPITAL,RIVERSIDE,RI,https://openalex.org/I2800634083,https://ror.org/02mx8nz45,Bradley Hospital,0.572
C155UU2TXCP3,RUSH UNIVERSITY MEDICAL CENTER,CHICAGO,IL,https://openalex.org/I1285301757,https://ror.org/01j7c0b24,Rush University Medical Center,1.0
C169K7T4QZ96,UNIVERSITY OF LOUISIANA AT LAFAYETTE,LAFAYETTE,LA,https://openalex.org/I79516672,https://ror.org/01x8rc503,University of Louisiana at Lafayette,1.0
C186U32QSBR9,WHITEHEAD INSTITUTE FOR BIOMEDICAL RESEARCH,CAMBRIDGE,MA,https://openalex.org/I4210157710,https://ror.org/04vqm6w82,Whitehead Institute for Biomedical Research,1.0
C1ABLRAQTB48,CAL STATE LA UNIVERSITY AUXILIARY SERVICES INC,LOS ANGELES,CA,https://openalex.org/I27825529,,California State University Los Angeles,manual
C1CPANL3EWK4,"BETH ISRAEL DEACONESS MEDICAL CENTER, INC.",BOSTON,MA,https://openalex.org/I1316535847,https://ror.org/04drvxt59,Beth Israel Deaconess Medical Center,0.874
C1DEGMMKC7W7,THE UNIVERSITY OF TEXAS AT EL PASO,EL PASO,TX,https://openalex.org/I164936912,https://ror.org/04d5vba33,The University of Texas at El Paso,1.0
C1F5LNUF7W86,TRUSTEES OF TUFTS COLLEGE,BOSTON,MA,https://openalex.org/I121934306,,Tufts University,manual
C31ES3WEAVQ5,CATHOLIC UNIVERSITY OF AMERICA (THE),WASHINGTON,DC,https://openalex.org/I84470341,https://ror.org/047yk3s18,Catholic University of America,0.81
C3KXNLTAAY98,THE UNIVERSITY OF TEXAS HEALTH SCIENCE CENTER AT SAN ANTONIO,SAN ANTONIO,TX,https://openalex.org/I165951966,https://ror.org/02f6dcw23,The University of Texas at San Antonio Health Science Center,1.0
C4BXLBC11LC6,SYRACUSE UNIVERSITY,SYRACUSE,NY,https://openalex.org/I70983195,https://ror.org/025r5qe02,Syracuse University,1.0
C5LHMPRJ9J19,THE FEINSTEIN INSTITUTES FOR MEDICAL RESEARCH,MANHASSET,NY,https://openalex.org/I1327576362,https://ror.org/05dnene97,Feinstein Institute for Medical Research,0.755
C6T9BYG5EYX5,BAYLOR UNIVERSITY,WACO,TX,https://openalex.org/I157394403,https://ror.org/005781934,Baylor University,1.0
C8H9CNG1VBD9,ICAHN SCHOOL OF MEDICINE AT MOUNT SINAI,NEW YORK,NY,https://openalex.org/I98704320,https://ror.org/04a9tmd77,Icahn School of Medicine at Mount Sinai,1.0
C9MRZK4B7K39,BIOSENSICS LLC,NEWTON,MA,https://openalex.org/I4210108346,,BioSensics (United States),manual
CDAQNZCL6287,THE RESEARCH FOUNDATION FOR THE STATE UNIVERSITY OF NEW YORK,ALBANY,NY,https://openalex.org/I4210111819,https://ror.org/01sfc5174,Research Foundation for the State University of New York,1.0
CFMMM5JM7HJ9,KANSAS STATE UNIVERSITY,MANHATTAN,KS,https://openalex.org/I189590672,https://ror.org/05p1j8758,Kansas State University,1.0
CGCDJ24JJLZ1,UNIVERSITY OF MASS AT BOSTON,DORCHESTER,MA,https://openalex.org/I111088046,https://ror.org/05qwgg493,Boston University,0.605
CJAJYT2KW771,SOUTH DAKOTA SCHOOL OF MINES & TECHNOLOGY,RAPID CITY,SD,https://openalex.org/I184647316,https://ror.org/00ch7yk27,South Dakota School of Mines and Technology,0.889
CJDNG9D14MW7,UNIVERSITY OF RHODE ISLAND,KINGSTON,RI,https://openalex.org/I17626003,https://ror.org/013ckk937,University of Rhode Island,1.0
CL7KJX2VFHS9,MISSOURI STATE UNIVERSITY,SPRINGFIELD,MO,https://openalex.org/I119942284,https://ror.org/01d2sez20,Missouri State University,1.0
CWKJEXDG79A7,BATTELLE MEMORIAL INSTITUTE,RICHLAND,WA,https://openalex.org/I1325736334,https://ror.org/01h5tnr73,Battelle,1.0
D27FSZD2L2U9,THE BOEING COMPANY,SAINT LOUIS,MO,https://openalex.org/I890505096,https://ror.org/017qqw141,Singer (United States),0.514
D33QGS3Q3DJ3,SOUTHERN METHODIST UNIVERSITY,DALLAS,TX,https://openalex.org/I178169726,https://ror.org/042tdr378,Southern Methodist University,1.0
D3LHU66KBLD5,UNIVERSITY OF NORTH CAROLINA AT CHAPEL HILL,CHAPEL HILL,NC,https://openalex.org/I114027177,https://ror.org/0130frc33,University of North Carolina at Chapel Hill,1.0
D5S9JZ1KDP49,"NATIONAL COLLEGIATE INVENTORS & INNOVATORS ALLIANCE, INC.",HADLEY,MA,https://openalex.org/I4210093188,https://ror.org/00mgk5c15,VentureWell,0.802
DAY7Z8ZD48Q3,UNIVERSITY OF MONTANA,MISSOULA,MT,https://openalex.org/I6750721,https://ror.org/0078xmk34,University of Montana,1.0
DBP4N9GHCA14,UNIVERSITY OF ARKANSAS SYSTEM,LITTLE ROCK,AR,https://openalex.org/I2799691083,https://ror.org/05vvhh982,University of Arkansas System,1.0
DDL5KU1YZLP3,CALIFORNIA ASSOCIATION FOR RESEARCH IN ASTRONOMY,KAMUELA,HI,https://openalex.org/I1313867356,https://ror.org/02y5f7c97,Association of Universities for Research in Astronomy,0.646
DFNLDECWM8J8,THE UNIVERSITY OF AKRON,AKRON,OH,https://openalex.org/I110152177,https://ror.org/02kyckx55,University of Akron,1.0
DKMDCB5HNBL7,"HUGO W. MOSER RESEARCH INSTITUTE AT KENNEDY KRIEGER, INC.",BALTIMORE,MD,https://openalex.org/I1298154867,https://ror.org/05q6tgt32,Kennedy Krieger Institute,0.41
DLTJBDQBGBC9,MEHARRY MEDICAL COLLEGE,NASHVILLE,TN,https://openalex.org/I118073183,https://ror.org/00k63dq23,Meharry Medical College,1.0
DLUTVJJ15U66,BOARD OF REGENTS OF NEVADA SYSTEM OF HIGHER EDUCATION,LAS VEGAS,NV,https://openalex.org/I68260882,https://ror.org/03sxdvx36,Nevada System of Higher Education,1.0
DLWBSLWAJWR1,"OHIO STATE UNIVERSITY, THE",COLUMBUS,OH,https://openalex.org/I52357470,https://ror.org/00rs6vg23,The Ohio State University,1.0
DMDEQP66JL85,ROWAN UNIVERSITY,GLASSBORO,NJ,https://openalex.org/I44265643,https://ror.org/049v69k10,Rowan University,1.0
DMQNDJDHTDG4,AUBURN UNIVERSITY,AUBURN UNIVERSITY,AL,https://openalex.org/I82497590,https://ror.org/02v80fc35,Auburn University,1.0
DNZNC466DGR7,SOUTH DAKOTA STATE UNIVERSITY,BROOKINGS,SD,https://openalex.org/I177156846,https://ror.org/015jmes13,South Dakota State University,1.0
DPMGH9MG1X67,"DANA-FARBER CANCER INSTITUTE, INC.",BOSTON,MA,https://openalex.org/I4210117453,https://ror.org/02jzgtq86,Dana-Farber Cancer Institute,0.847
DQDBM7FGJPC5,IOWA STATE UNIVERSITY OF SCIENCE AND TECHNOLOGY,AMES,IA,https://openalex.org/I173911158,https://ror.org/04rswrd78,Iowa State University,1.0
DRRKVZVXSND3,SEATTLE INSTITUTE FOR BIOMEDICAL AND CLINICAL RESEARCH,SEATTLE,WA,https://openalex.org/I4210144959,https://ror.org/04c91wj10,Seattle Institute for Biomedical and Clinical Research,1.0
DRTAEZWWJHM8,BIGELOW LABORATORY FOR OCEAN SCIENCES,EAST BOOTHBAY,ME,https://openalex.org/I2800663845,https://ror.org/03v2r6x37,Bigelow Laboratory for Ocean Sciences,1.0
DSLXBD7UWRV6,OLD DOMINION UNIVERSITY RESEARCH FOUNDATION,NORFOLK,VA,https://openalex.org/I81365321,https://ror.org/04zjtrb98,Old Dominion University,0.785
DVHKP4N619V9,"H. LEE MOFFITT CANCER CENTER AND RESEARCH INSTITUTE HOSPITAL, INC.",TAMPA,FL,https://openalex.org/I3019308854,https://ror.org/01xf75524,Moffitt Cancer Center,0.815
DVL1CMRMWRN9,CHILDREN'S HOSPITAL LOS ANGELES,LOS ANGELES,CA,https://openalex.org/I1336910626,https://ror.org/00412ts95,Children's Hospital of Los Angeles,1.0
DW1XZMGNFBL4,THE WISTAR INSTITUTE OF ANATOMY AND BIOLOGY,PHILADELPHIA,PA,https://openalex.org/I102322052,https://ror.org/04wncat98,The Wistar Institute,0.567
DWH7MSXKA2A8,"VANDERBILT UNIVERSITY, THE",NASHVILLE,TN,https://openalex.org/I200719446,https://ror.org/02vm5rt34,Vanderbilt University,1.0
DYZNJGLTHMR9,HOWARD UNIVERSITY,WASHINGTON,DC,https://openalex.org/I137853757,https://ror.org/05gt1vc06,Howard University,1.0
DZ4YCZ3QSPR5,CINCINNATI UNIV OF,CINCINNATI,OH,https://openalex.org/I63135867,,University of Cincinnati,manual
DZFJT2KH9C43,UNIVERSITY OF ALASKA ANCHORAGE,ANCHORAGE,AK,https://openalex.org/I147853995,https://ror.org/03k3c2t50,University of Alaska Anchorage,1.0
E13MDBKHLDB5,LEHIGH UNIVERSITY,BETHLEHEM,PA,https://openalex.org/I186143895,https://ror.org/012afjb06,Lehigh University,1.0
E1KJM4T54MK6,UNIVERSITY OF LOUISVILLE,LOUISVILLE,KY,https://openalex.org/I142740786,https://ror.org/01ckdn478,University of Louisville,1.0
E2NDENMDUEG8,ILLINOIS INSTITUTE OF TECHNOLOGY,CHICAGO,IL,https://openalex.org/I180949307,https://ror.org/037t3ry66,Illinois Institute of Technology,1.0
E2NYLCDML6V1,MASSACHUSETTS INSTITUTE OF TECHNOLOGY,CAMBRIDGE,MA,https://openalex.org/I63966007,https://ror.org/042nb2s44,Massachusetts Institute of Technology,1.0
E3FDXZ6TBHW3,BROWN UNIVERSITY,PROVIDENCE,RI,https://openalex.org/I27804330,https://ror.org/05gq02987,Brown University,1.0
E4SPG9ZLLE76,VETERANS MEDICAL RESEARCH FOUNDATION OF SAN DIEGO,SAN DIEGO,CA,https://openalex.org/I4210159705,https://ror.org/053vc2366,Veterans Medical Research Foundation of San Diego,1.0
E4Z2NUYUMHF9,TEXAS TECH UNIVERSITY HEALTH SCIENCES CENTER,LUBBOCK,TX,https://openalex.org/I926076166,https://ror.org/033ztpr93,Texas Tech University Health Sciences Center,1.0
E6KZG3MNE1D5,SANFORD RESEARCH,FARGO,ND,https://openalex.org/I4210095855,https://ror.org/00sfn8y78,Sanford Research,1.0
E8VWJXMMUQ67,"THE MEDICAL COLLEGE OF WISCONSIN, INC.",MILWAUKEE,WI,https://openalex.org/I204308271,https://ror.org/00qqv6244,Medical College of Wisconsin,0.814
EADLFP7Z72E5,GEORGE MASON UNIVERSITY,FAIRFAX,VA,https://openalex.org/I162714631,https://ror.org/02jqj7156,George Mason University,1.0
EAL3QNJK3CB9,"RESEARCH FOUNDATION FOR MENTAL HYGIENE, INC.",ORANGEBURG,NY,https://openalex.org/I4210147620,https://ror.org/042ckra75,Research Foundation For Mental Hygiene,0.811
EB8ASJBCFER9,TRUSTEES OF DARTMOUTH COLLEGE,HANOVER,NH,https://openalex.org/I107672454,https://ror.org/049s0rh22,Dartmouth College,1.0
ECESTN2SSVH1,FORDHAM UNIVERSITY,BRONX,NY,https://openalex.org/I164389053,https://ror.org/03qnxaf80,Fordham University,1.0
ECQEYCHRNKJ4,LOUISIANA STATE UNIVERSITY,BATON ROUGE,LA,https://openalex.org/I121820613,https://ror.org/05ect4e57,Louisiana State University,1.0
ECR5E2LU5BL6,GEORGE WASHINGTON UNIVERSITY (THE),WASHINGTON,DC,https://openalex.org/I193531525,https://ror.org/00y4zzh67,George Washington University,0.811
ED44Y3W6P7B9,UNIVERSITY OF ARIZONA,TUCSON,AZ,https://openalex.org/I138006243,https://ror.org/03m2x1q45,University of Arizona,1.0
EGLKRQ5JBCZ7,TEXAS TECH UNIVERSITY SYSTEM,LUBBOCK,TX,https://openalex.org/I12315562,https://ror.org/0405mnx93,Texas Tech University,1.0
EJ3UF7TK8RT5,MONTANA STATE UNIVERSITY,BOZEMAN,MT,https://openalex.org/I23732399,,Montana State University,manual
EJABWGUJM228,RESEARCH FOUNDATION OF THE CITY UNIVERSITY OF NEW YORK,FLUSHING,NY,https://openalex.org/I4210103622,https://ror.org/01d03cj21,Research Foundation of The City University of New York,1.0
EJCVPNN1WFS5,UNIVERSITY OF TEXAS AT DALLAS,RICHARDSON,TX,https://openalex.org/I162577319,https://ror.org/049emcs32,The University of Texas at Dallas,1.0
EJMHW8SL81L7,"RUTGERS, THE STATE UNIVERSITY",NEW BRUNSWICK,NJ,https://openalex.org/I102322142,https://ror.org/05vt9qd57,"Rutgers, The State University of New Jersey",0.743
EK93EZLLBSC4,RESEARCH FOUNDATION OF THE CITY UNIVERSITY OF NEW YORK,NEW YORK,NY,https://openalex.org/I4210103622,https://ror.org/01d03cj21,Research Foundation of The City University of New York,1.0
EKHKFP33NN53,CALIFORNIA STATE UNIVERSITY SAN MARCOS CORP,SAN MARCOS,CA,https://openalex.org/I226560621,https://ror.org/01j8e0j24,"California State University, San Marcos",1.0
ELA9KB9GJCN8,OLD DOMINION UNIVERSITY,NORFOLK,VA,https://openalex.org/I81365321,https://ror.org/04zjtrb98,Old Dominion University,1.0
ELVQARY4EJZ4,SUTTER BAY HOSPITALS,SAN FRANCISCO,CA,https://openalex.org/I114073160,,Sutter Health,manual
EMW9FC8J3HN4,GEORGIA TECH RESEARCH CORP,ATLANTA,GA,https://openalex.org/I130701444,https://ror.org/01zkghx44,Georgia Institute of Technology,0.691
EN9DMTETW3N1,CHAPMAN UNIVERSITY,ORANGE,CA,https://openalex.org/I185071736,https://ror.org/0452jzg20,Chapman University,1.0
ENBLDJUN4N73,THE REGENTS OF THE UNIVERSITY OF CALIFORNIA,BERKELEY,CA,https://openalex.org/I2803209242,https://ror.org/00pjdza24,University of California System,1.0
EQH8NQ4AXFT7,TEXAS A & M RESEARCH FOUNDATION,COLLEGE STATION,TX,https://openalex.org/I91045830,,Texas A&M University,manual
ETGMYV7CKAJ7,THE NEMOURS FOUNDATION,WILMINGTON,DE,https://openalex.org/I4210108049,,Nemours Children's Health System,manual
EUYXHRL5MLL3,RESEARCH FOUNDATION OF THE CITY UNIVERSITY OF NEW YORK,NEW YORK,NY,https://openalex.org/I4210103622,https://ror.org/01d03cj21,Research Foundation of The City University of New York,1.0
EVTSTTLCEWS5,UNIVERSITY OF OKLAHOMA,NORMAN,OK,https://openalex.org/I8692664,https://ror.org/02aqsxs83,University of Oklahoma,1.0
EVWJPCY6AD97,COLLEGE OF WILLIAM AND MARY,WILLIAMSBURG,VA,https://openalex.org/I16285277,https://ror.org/03hsf0573,William & Mary,0.831
EXZVPWZBLUE8,NORTHWESTERN UNIVERSITY,EVANSTON,IL,https://openalex.org/I111979921,https://ror.org/000e0be47,Northwestern University,1.0
EYMJXLN2MFB4,RESEARCH INSTITUTE AT NATIONWIDE CHILDREN'S HOSPITAL,COLUMBUS,OH,https://openalex.org/I1314135232,https://ror.org/003rfsp33,Nationwide Children's Hospital,0.664
EYNYSU6L8ZX6,VILLANOVA UNIVERSITY IN THE STATE OF PENNSYLVANIA,VILLANOVA,PA,https://openalex.org/I7863295,,Villanova University,manual
EZ4WPGRE1RD5,NORTH DAKOTA STATE UNIVERSITY,FARGO,ND,https://openalex.org/I57328836,https://ror.org/05h1bnb22,North Dakota State University,1.0
F125YU6SWK59,BATTELLE MEMORIAL INSTITUTE,COLUMBUS,OH,https://openalex.org/I1325736334,https://ror.org/01h5tnr73,Battelle,1.0
F27KDXZMF9Y8,UNIVERSITY OF ROCHESTER,ROCHESTER,NY,https://openalex.org/I5388228,https://ror.org/022kthw22,University of Rochester,1.0
F2VSMAKDH8Z7,UNIVERSITY OF MEMPHIS,MEMPHIS,TN,https://openalex.org/I94658018,https://ror.org/01cq23130,University of Memphis,1.0
F3GJXVP1L166,LOUISIANA BOARD OF REGENTS,BATON ROUGE,LA,https://openalex.org/I2802707430,https://ror.org/00jv89z46,Louisiana Board of Regents,1.0
F4BMNBQK9BM1,ALLIANCE NCTN FOUNDATION,CHICAGO,IL,https://openalex.org/I4210114531,https://ror.org/01r32p017,North Texas Regional Center for Innovation and Commercialization,0.605
F4N1QNPB95M4,THE TRUSTEES OF COLUMBIA UNIVERSITY IN THE CITY OF NEW YORK,NEW YORK,NY,https://openalex.org/I78577930,https://ror.org/00hj8s172,Columbia University,1.0
F4SLJ5WF59F6,SAN FRANCISCO STATE UNIVERSITY,SAN FRANCISCO,CA,https://openalex.org/I71838634,https://ror.org/05ykr0121,San Francisco State University,1.0
F6G9C4HMNHW4,AMERICAN SOCIETY FOR ENGINEERING EDUCATION,WASHINGTON,DC,https://openalex.org/I110383171,https://ror.org/03ac64295,American Society For Engineering Education,1.0
F6XLTRUQJEN4,UNIVERSITY OF NEW MEXICO,ALBUQUERQUE,NM,https://openalex.org/I169521973,https://ror.org/05fs6jp91,University of New Mexico,1.0
F8THLJQSAF93,UNIVERSITY OF MIAMI,MIAMI,FL,https://openalex.org/I145608581,https://ror.org/02dgjyy92,University of Miami,1.0
FA4VKPTJRLY8,LOUISIANA STATE UNIVERSITY,SHREVEPORT,LA,https://openalex.org/I121820613,https://ror.org/05ect4e57,Louisiana State University,1.0
FBYMGMHW4X95,TRUSTEES OF BOSTON UNIVERSITY,BOSTON,MA,https://openalex.org/I111088046,https://ror.org/05qwgg493,Boston University,1.0
FDLEQSJ8FF63,UNIVERSITY OF ALASKA FAIRBANKS,FAIRBANKS,AK,https://openalex.org/I141472210,https://ror.org/01j7nq853,University of Alaska Fairbanks,1.0
FDR5YF2K32X5,UNIVERSITY OF WYOMING,LARAMIE,WY,https://openalex.org/I12834331,https://ror.org/01485tq96,University of Wyoming,1.0
FF1XVJMDYVR1,THE INSTITUTE FOR CANCER RESEARCH,PHILADELPHIA,PA,https://openalex.org/I169071179,https://ror.org/02f3xk561,Cancer Research Institute,0.84
FFM7VPAG8P92,"UNIVERSITY OF CALIFORNIA, MERCED",MERCED,CA,https://openalex.org/I156087764,https://ror.org/00d9ah105,"University of California, Merced",1.0
FFWJTXCKDLK5,NEW ENGLAND RESEARCH INSTITUTES INC,INDIANAPOLIS,IN,https://openalex.org/I4210098573,https://ror.org/01655nh08,New England Research Institutes,1.0
FL6GV84CKN57,YALE UNIV,NEW HAVEN,CT,https://openalex.org/I32971472,https://ror.org/03v76x132,Yale University,0.5
FL8UNYTG72D1,"J. CRAIG VENTER INSTITUTE, INC.",LA JOLLA,CA,https://openalex.org/I1301553790,https://ror.org/049r1ts75,J. Craig Venter Institute,0.844
FLJ7DQKLL226,THE GENERAL HOSPITAL CORPORATION,BOSTON,MA,https://openalex.org/I4210087915,,Massachusetts General Hospital,manual
FN2YCS2YAUW3,UNIVERSITY OF TENNESSEE,KNOXVILLE,TN,https://openalex.org/I75027704,https://ror.org/020f3ap87,University of Tennessee at Knoxville,1.0
FPU6XGFXMBE9,UNIVERSITY OF NOTRE DAME DU LAC,NOTRE DAME,IN,https://openalex.org/I107639228,https://ror.org/00mkhxb43,University of Notre Dame,0.703
FTAAW94S6LC6,PRAIRIE VIEW A&M UNIVERSITY,PRAIRIE VIEW,TX,https://openalex.org/I250520410,https://ror.org/0449kf092,Prairie View A&M University,1.0
FTMTDMBR29C7,THE JOHNS HOPKINS UNIVERSITY,BALTIMORE,MD,https://openalex.org/I145311948,https://ror.org/00za53h95,Johns Hopkins University,1.0
FWY1FX3THXC5,RESEARCH FOUNDATION OF THE CITY UNIVERSITY OF NEW YORK,NEW YORK,NY,https://openalex.org/I4210103622,https://ror.org/01d03cj21,Research Foundation of The City University of New York,1.0
FXKMA43NTV21,BAYLOR COLLEGE OF MEDICINE,HOUSTON,TX,https://openalex.org/I181547552,https://ror.org/02pttbw34,Baylor College of Medicine,1.0
FY85DRNMJAM4,CONCORD CONSORTIUM INC,CONCORD,MA,https://openalex.org/I2802114983,https://ror.org/0570naj48,Concord Consortium,1.0
FZRNFQTKADH1,UNIVERSITY OF NEBRASKA,OMAHA,NE,https://openalex.org/I2802450327,https://ror.org/0238rvs44,University of Nebraska System,1.0
G15AG3BLLMH4,BOARD OF REGENTS OF THE UNIVERSITY OF NEBRASKA,OMAHA,NE,https://openalex.org/I2802450327,https://ror.org/0238rvs44,University of Nebraska System,1.0
G192A9HR62S5,"THE WINIFRED MASTERSON BURKE MEDICAL RESEARCH INSTITUTE, INC",WHITE PLAINS,NY,https://openalex.org/I4210117944,https://ror.org/02sp1z620,Burke Medical Research Institute,0.708
G1THVER8BNL4,THE UNIVERSITY OF MISSISSIPPI,OXFORD,MS,https://openalex.org/I368840534,https://ror.org/02teq1165,University of Mississippi,1.0
G389MFAYJNG9,UNIVERSITY OF NEW MEXICO,ALBUQUERQUE,NM,https://openalex.org/I169521973,https://ror.org/05fs6jp91,University of New Mexico,1.0
G47WN1XZNWX9,UNIVERSITY OF NORTH TEXAS,DENTON,TX,https://openalex.org/I123534392,https://ror.org/00v97ad02,University of North Texas,1.0
G56PUALJ3KT5,CORNELL UNIVERSITY,ITHACA,NY,https://openalex.org/I205783295,https://ror.org/05bnh6r87,Cornell University,1.0
G6VVMPNK4Y48,ALBANY MEDICAL COLLEGE,ALBANY,NY,https://openalex.org/I77920804,,Albany Medical Center Hospital,manual
G7MQPLSUX1L4,THE CHILDREN'S HOSPITAL OF PHILADELPHIA,PHILADELPHIA,PA,https://openalex.org/I1335321130,https://ror.org/01z7r7q48,Children's Hospital of Philadelphia,1.0
G88KLJR3KYT5,UNIVERSITY OF SOUTHERN CALIFORNIA,LOS ANGELES,CA,https://openalex.org/I1174212,https://ror.org/03taz7m60,University of Southern California,1.0
G9QBQDH39DF4,"UNIVERSITY OF CALIFORNIA, SANTA BARBARA",SANTA BARBARA,CA,https://openalex.org/I154570441,https://ror.org/02t274463,"University of California, Santa Barbara",1.0
GBNGC495XA67,UNIVERSITY SYSTEM OF NEW HAMPSHIRE,DURHAM,NH,https://openalex.org/I179093154,https://ror.org/04pvpk743,University of New Hampshire at Manchester,1.0
GFKFBWG2TV98,WOODS HOLE OCEANOGRAPHIC INSTITUTION,WOODS HOLE,MA,https://openalex.org/I66958751,https://ror.org/03zbnzt98,Woods Hole Oceanographic Institution,1.0
GGFBMCXBJLY1,"TEXAS A&M UNIVERSITY SYSTEM, THE",COLLEGE STATION,TX,https://openalex.org/I91045830,https://ror.org/01f5ytq51,Texas A&M University,1.0
GKMSN3DA6P91,MICHIGAN TECHNOLOGICAL UNIVERSITY,HOUGHTON,MI,https://openalex.org/I11957088,https://ror.org/0036rpn28,Michigan Technological University,1.0
GKPBCFV1QMM3,MAYO CLINIC JACKSONVILLE (A NONPROFIT CORPORATION),JACKSONVILLE,FL,https://openalex.org/I4210146710,,Mayo Clinic in Florida,manual
GL8EKK2U5YE9,COMPUTING RESEARCH ASSOCIATION INC,WASHINGTON,DC,https://openalex.org/I134522710,https://ror.org/00agrkd75,Computing Research Association,1.0
GM1XX56LEP58,"TRUSTEES OF THE UNIVERSITY OF PENNSYLVANIA, THE",PHILADELPHIA,PA,https://openalex.org/I79576946,https://ror.org/00b30xv10,University of Pennsylvania,1.0
GM6EL1UH2L83,MONTEREY BAY AQUARIUM RESEARCH INSTITUTE,MOSS LANDING,CA,https://openalex.org/I1319261023,https://ror.org/02nb3aq72,Monterey Bay Aquarium Research Institute,1.0
GMR5T8P487D7,"THE NEW YORK STRUCTURAL BIOLOGY CENTER, INC.",NEW YORK,NY,https://openalex.org/I4210096322,https://ror.org/00new7409,New York Structural Biology Center,0.873
GNJ7BBP73WE9,REGENTS OF THE UNIVERSITY OF MICHIGAN,ANN ARBOR,MI,https://openalex.org/I27837315,https://ror.org/00jmfr291,University of Michigan,1.0
GS3YEVSS12N6,"REGENTS OF THE UNIVERSITY OF CALIFORNIA, THE",BERKELEY,CA,https://openalex.org/I2803209242,https://ror.org/00pjdza24,University of California System,1.0
GSLCJ3M62XX1,"TERC, INC.",CAMBRIDGE,MA,https://openalex.org/I4405258510,https://ror.org/00sc77p73,New England Regional Headache Center,0.537
GT28BRBA2Q49,NATIONAL BUREAU OF ECONOMIC RESEARCH INC,CAMBRIDGE,MA,https://openalex.org/I1321305853,https://ror.org/04grmx538,National Bureau of Economic Research,1.0
GTNBNWXJ12D5,VANDERBILT UNIVERSITY,NASHVILLE,TN,https://openalex.org/I200719446,https://ror.org/02vm5rt34,Vanderbilt University,1.0
GV31TMFLPY88,COLD SPRING HARBOR LABORATORY,COLD SPRING HARBOR,NY,https://openalex.org/I2750212522,https://ror.org/02qz8b764,Cold Spring Harbor Laboratory,1.0
GY8NMUZQXVS7,UNIVERSITY OF OKLAHOMA,OKLAHOMA CITY,OK,https://openalex.org/I8692664,https://ror.org/02aqsxs83,University of Oklahoma,1.0
GYLUH9UXHDX5,VANDERBILT UNIVERSITY MEDICAL CENTER,NASHVILLE,TN,https://openalex.org/I901861585,https://ror.org/05dq2gs74,Vanderbilt University Medical Center,1.0
GZRNJ1GZDBM1,UNIVERSITY OF PUERTO RICO,MAYAGUEZ,PR,https://openalex.org/I200399037,https://ror.org/02yg0nm07,University of Puerto Rico System,1.0
H1HYA8Z1NTM5,"UNIVERSITY OF KENTUCKY RESEARCH FOUNDATION, THE",LEXINGTON,KY,https://openalex.org/I143302722,https://ror.org/02k3smh20,University of Kentucky,0.723
H1TYS4PK8EC5,FATHER FLANAGAN'S BOYS' HOME,BOYS TOWN,NE,https://openalex.org/I1307497284,https://ror.org/03ebg0v16,Boys Town,1.0
H2BMNX7DSKU8,CLEMSON UNIVERSITY,CLEMSON,SC,https://openalex.org/I8078737,https://ror.org/037s24f05,Clemson University,1.0
H4CAHK2RD945,PORTLAND STATE UNIVERSITY,PORTLAND,OR,https://openalex.org/I126345244,https://ror.org/00yn2fy02,Portland State University,1.0
H4VNDUN2VWU5,AMERICAN UNIVERSITY,WASHINGTON,DC,https://openalex.org/I181401687,https://ror.org/052w4zt36,American University,1.0
H58TR2D7DNE3,PALO ALTO VETERANS INSTITUTE FOR RESEARCH,PALO ALTO,CA,https://openalex.org/I4210089390,https://ror.org/008e03r59,Palo Alto Veterans Institute for Research,1.0
H59JKGFZKHL7,SAN DIEGO STATE UNIVERSITY FOUNDATION,SAN DIEGO,CA,https://openalex.org/I26538001,https://ror.org/0264fdx42,San Diego State University,1.0
H5G9NWEFHXN4,"THE BROAD INSTITUTE, INC",CAMBRIDGE,MA,https://openalex.org/I107606265,https://ror.org/05a0ya142,Broad Institute,1.0
H65GNDPBTRY7,HEALTHPARTNERS INSTITUTE,MINNEAPOLIS,MN,https://openalex.org/I52792670,https://ror.org/03s9ada67,HealthPartners,0.595
H6D6JMXJXDE6,UNIVERSITY OF CONNECTICUT HEALTH CENTER,FARMINGTON,CT,https://openalex.org/I75929689,https://ror.org/02kzs4y22,UConn Health,1.0
H6N1ZF5HJ2G3,ALBERT EINSTEIN COLLEGE OF MEDICINE,BRONX,NY,https://openalex.org/I129975664,https://ror.org/05cf8a891,Albert Einstein College of Medicine,1.0
HB6KNGVNJRU1,THE UNIVERSITY OF ALABAMA IN HUNTSVILLE,HUNTSVILLE,AL,https://openalex.org/I82495205,https://ror.org/02zsxwr40,University of Alabama in Huntsville,1.0
HD1WMN6945W6,UNIVERSITY OF WASHINGTON,SEATTLE,WA,https://openalex.org/I201448701,https://ror.org/00cvxb145,University of Washington,1.0
HFT7XTHB6563,TEXAS A & M UNIVERSITY SYSTEM HEALTH SCIENCE CENTER,BRYAN,TX,https://openalex.org/I919571938,https://ror.org/03gds6c39,The University of Texas Health Science Center at Houston,0.618
HGAAKCE3A7P7,XAVIER UNIVERSITY OF LOUISIANA,NEW ORLEANS,LA,https://openalex.org/I169251466,https://ror.org/0085d9t86,Xavier University of Louisiana,1.0
HH1NQ1B5MPV3,MARSHALL UNIVERSITY RESEARCH CORPORATION,HUNTINGTON,WV,https://openalex.org/I88694374,https://ror.org/02erqft81,Marshall University,0.723
HJD6G4D6TJY5,THE LELAND STANFORD JUNIOR UNIVERSITY,STANFORD,CA,https://openalex.org/I97018004,https://ror.org/00f54p054,Stanford University,1.0
HJMKEF7EJW69,CASE WESTERN RESERVE UNIVERSITY,CLEVELAND,OH,https://openalex.org/I58956616,https://ror.org/051fd9666,Case Western Reserve University,1.0
HJNQME41NBU4,WORCESTER POLYTECHNIC INSTITUTE,WORCESTER,MA,https://openalex.org/I107077323,https://ror.org/05ejpqr48,Worcester Polytechnic Institute,1.0
HJTLACN81NK1,OAKLAND UNIVERSITY,ROCHESTER,MI,https://openalex.org/I177721651,https://ror.org/01ythxj32,Oakland University,1.0
HKJCKTFJNBM7,MARQUETTE UNIVERSITY,MILWAUKEE,WI,https://openalex.org/I102461120,https://ror.org/04gr4te78,Marquette University,1.0
HLTMVS2JZBS6,NORTHEASTERN UNIVERSITY,BOSTON,MA,https://openalex.org/I12912129,https://ror.org/04t5xt781,Northeastern University,1.0
HMSNCM57QNR5,FRED HUTCHINSON CANCER RESEARCH CENTER,SEATTLE,WA,https://openalex.org/I4210089486,https://ror.org/007ps6h72,Fred Hutch Cancer Center,0.826
HS5HWWK1AAU5,TEXAS STATE UNIVERSITY,SAN MARCOS,TX,https://openalex.org/I13511017,https://ror.org/05h9q1g27,Texas State University,1.0
HTQ6K6NJFHA6,BOARD OF REGENTS OF THE UNIVERSITY OF NEBRASKA,LINCOLN,NE,https://openalex.org/I2802450327,https://ror.org/0238rvs44,University of Nebraska System,1.0
HWPEKM8VFTJ9,EAST CAROLINA UNIVERSITY,GREENVILLE,NC,https://openalex.org/I186335123,https://ror.org/01vx35703,East Carolina University,1.0
HYN3WD58HNN7,THE RESEARCH FOUNDATION FOR THE STATE UNIVERSITY OF NEW YORK,SYRACUSE,NY,https://openalex.org/I4210111819,https://ror.org/01sfc5174,Research Foundation for the State University of New York,1.0
HYWTVM5HNFM3,BOISE STATE UNIVERSITY,BOISE,ID,https://openalex.org/I120156002,https://ror.org/02e3zdp86,Boise State University,1.0
HYYJJ5ZP7CR9,TEXAS SOUTHERN UNIVERSITY,HOUSTON,TX,https://openalex.org/I48205209,https://ror.org/05ch0aw77,Texas Southern University,1.0
HZJ2JZUALWN4,NEW MEXICO INSTITUTE OF MINING AND TECHNOLOGY,SOCORRO,NM,https://openalex.org/I207123951,https://ror.org/005p9kw61,New Mexico Institute of Mining and Technology,1.0
J19ZXYATJLT3,TRANSLATIONAL GENOMICS RESEARCH INSTITUTE,PHOENIX,AZ,https://openalex.org/I1284308235,https://ror.org/02hfpnk21,Translational Genomics Research Institute,1.0
J22LNTMEDP73,UNIVERSITY OF SOUTH CAROLINA,COLUMBIA,SC,https://openalex.org/I155781252,https://ror.org/02b6qw903,University of South Carolina,1.0
J3M5GZAT8N85,NEW MEXICO STATE UNIVERSITY,LAS CRUCES,NM,https://openalex.org/I10052268,https://ror.org/00hpz7z43,New Mexico State University,1.0
J3Z5MNJJ3FZ4,MAGEE-WOMENS RESEARCH INSTITUTE AND FOUNDATION,PITTSBURGH,PA,https://openalex.org/I4210097282,https://ror.org/00rnw4e09,Magee-Womens Research Institute,1.0
J4EYPCJDQ1H6,TEXAS BIOMEDICAL RESEARCH INSTITUTE,SAN ANTONIO,TX,https://openalex.org/I1289525096,https://ror.org/00wbskb04,Texas Biomedical Research Institute,1.0
J6TWTRKC1X14,ROCHESTER INSTITUTE OF TECHNOLOGY,ROCHESTER,NY,https://openalex.org/I155173764,https://ror.org/00v4yb702,Rochester Institute of Technology,1.0
J7WULLYGFRH1,WESTERN MICHIGAN UNIVERSITY,KALAMAZOO,MI,https://openalex.org/I141649380,https://ror.org/04j198w64,Western Michigan University,1.0
J9CDGR596MN3,THE CURATORS OF THE UNIVERSITY OF MISSOURI,KANSAS CITY,MO,https://openalex.org/I76835614,https://ror.org/02ymw8z06,University of Missouri,0.723
JB33DT84JNA5,UNIVERSITY OF NORTH CAROLINA AT CHARLOTTE,CHARLOTTE,NC,https://openalex.org/I102149020,https://ror.org/04dawnj30,University of North Carolina at Charlotte,1.0
JBQ9M3PLFDP5,UNIVERSITY OF WISCONSIN SYSTEM,MILWAUKEE,WI,https://openalex.org/I1304256225,https://ror.org/03ydkyb10,University of Wisconsin System,1.0
JDLVAVGYJQ21,PRESIDENT AND FELLOWS OF HARVARD COLLEGE,BOSTON,MA,https://openalex.org/I145311948,https://ror.org/00za53h95,Harvard University,manual
JE8AKPCR2KA4,THE UNIVERSITY OF NORTH TEXAS HEALTH SCIENCE CENTER AT FORT WORTH,FORT WORTH,TX,https://openalex.org/I165139151,https://ror.org/05msxaq47,University of North Texas Health Science Center,0.806
JF2BLNN4PJC3,FLORIDA STATE UNIVERSITY,TALLAHASSEE,FL,https://openalex.org/I103163165,https://ror.org/05g3dte14,Florida State University,1.0
JF6XLNB4CDJ5,TEXAS A & M UNIVERSITY,COLLEGE STATION,TX,https://openalex.org/I91045830,https://ror.org/01f5ytq51,Texas A&M University,0.581
JGA3E25MFDV9,"CLARK ATLANTA UNIVERSITY, INC.",ATLANTA,GA,https://openalex.org/I52064589,https://ror.org/0397tsa92,Clark Atlanta University,0.812
JHTYTGKYWLL9,UNIVERSITY OF MARYLAND CENTER FOR ENVIRONMENTAL SCIENCE,CAMBRIDGE,MD,https://openalex.org/I149521062,https://ror.org/04dqdxm60,University of Maryland Center for Environmental Science,1.0
JJ6CN5Y5A2R5,THE TRUSTEES OF THE STEVENS INSTITUTE OF TECHNOLOGY,HOBOKEN,NJ,https://openalex.org/I108468826,https://ror.org/02z43xh36,Stevens Institute of Technology,1.0
JJDYK36PRTL5,CENTRAL MICHIGAN UNIVERSITY,MOUNT PLEASANT,MI,https://openalex.org/I1629065,https://ror.org/02xawj266,Central Michigan University,1.0
JJG6HU8PA4S5,RECTOR & VISITORS OF THE UNIVERSITY OF VIRGINIA,CHARLOTTESVILLE,VA,https://openalex.org/I51556381,https://ror.org/0153tk833,University of Virginia,0.511
JJHCMK4NT5N3,RESEARCH TRIANGLE INSTITUTE,RESEARCH TRIANGLE PARK,NC,https://openalex.org/I180297670,https://ror.org/052tfza37,RTI International,1.0
JJKGF97BMBE1,MONTANA TECHNOLOGICAL UNIVERSITY,BUTTE,MT,https://openalex.org/I917168660,https://ror.org/03ttqt747,Montana Technological University,1.0
JKKNZLNYLJ19,WICHITA STATE UNIVERSITY,WICHITA,KS,https://openalex.org/I39587148,https://ror.org/00c4e7y75,Wichita State University,1.0
JL4JHE9SDRR3,ST JUDE CHILDREN'S RESEARCH HOSPITAL INC,MEMPHIS,TN,https://openalex.org/I1313298211,https://ror.org/02r3e0967,St. Jude Children's Research Hospital,0.795
JNBLLTBTLLD8,SAINT LOUIS UNIVERSITY,SAINT LOUIS,MO,https://openalex.org/I47838141,https://ror.org/01p7jjy08,Saint Louis University,1.0
JQH2GEMCAVN5,GEISINGER CLINIC,DANVILLE,PA,https://openalex.org/I54713919,https://ror.org/02qdbgx97,Geisinger Health System,0.475
JTFKX11JLHS8,UNIVERSITY OF THE VIRGIN ISLANDS,ST THOMAS,VI,https://openalex.org/I17001226,https://ror.org/034amfs97,University of the Virgin Islands,1.0
JW2NGMP4NMA3,TRUSTEES OF THE COLORADO SCHOOL OF MINES,GOLDEN,CO,https://openalex.org/I167576493,https://ror.org/04raf6v53,Colorado School of Mines,1.0
JW7MLW3RRK34,"OAK RIDGE ASSOCIATED UNIVERSITIES, INCORPORATED",OAK RIDGE,TN,https://openalex.org/I1281378812,https://ror.org/0526p1y61,Oak Ridge Associated Universities,0.814
JWSYC7RUMJD1,BRIGHAM YOUNG UNIVERSITY,PROVO,UT,https://openalex.org/I100005738,https://ror.org/047rhhm47,Brigham Young University,1.0
JZ8RQC4EMDZ5,BOSTON MEDICAL CENTER CORPORATION,BOSTON,MA,https://openalex.org/I1286490081,https://ror.org/010b9wj87,Boston Medical Center,1.0
JZD1HLM2ZU83,CHILDRENS HOSPITAL MEDICAL CENTER,CINCINNATI,OH,https://openalex.org/I1285204247,https://ror.org/01hcyya48,Cincinnati Children's Hospital Medical Center,0.638
JZDRNT166LE4,"VERSITI BLOOD HEALTH, INC.",MILWAUKEE,WI,https://openalex.org/I4210117001,https://ror.org/02sjnfb25,Versiti Blood Center of Wisconsin,0.476
K49BLGJHG935,CPWR: THE CENTER FOR CONSTRUCTION RESEARCH AND TRAINING,SILVER SPRING,MD,https://openalex.org/I4210113549,https://ror.org/01xnhsa91,Center for Construction Research and Training,0.85
K4FYB2EJVL32,ARKANSAS CHILDREN'S RESEARCH INSTITUTE,LITTLE ROCK,AR,https://openalex.org/I1301864278,,Arkansas Children's Hospital,manual
K51LECU1G8N3,WILLIAM MARSH RICE UNIVERSITY,HOUSTON,TX,https://openalex.org/I74775410,https://ror.org/008zs3103,Rice University,1.0
KABJZBBJ4B54,REGENTS OF THE UNIVERSITY OF MINNESOTA,MINNEAPOLIS,MN,https://openalex.org/I130238516,https://ror.org/017zqws13,University of Minnesota,1.0
KD5TGBT7AKC9,THE MIRIAM HOSPITAL,PROVIDENCE,RI,https://openalex.org/I2800640726,https://ror.org/053exzj86,Miriam Hospital,1.0
KG76WYENL5K1,NORTHWESTERN UNIVERSITY,EVANSTON,IL,https://openalex.org/I111979921,https://ror.org/000e0be47,Northwestern University,1.0
KH6NJ6ND8737,J.DAVID GLADSTONE INSTITUTES,SAN FRANCISCO,CA,https://openalex.org/I1321430492,https://ror.org/038321296,Gladstone Institutes,0.733
KMH5K9V7S518,"REGENTS OF THE UNIVERSITY OF CALIFORNIA, SAN FRANCISCO, THE",SAN FRANCISCO,CA,https://openalex.org/I180670191,https://ror.org/043mz5j54,"University of California, San Francisco",1.0
KMZBB7SJBP72,"CONSORTIUM FOR OCEAN LEADERSHIP, INC.",WASHINGTON,DC,https://openalex.org/I4210110682,https://ror.org/01wn80b84,Consortium For Ocean Leadership,0.816
KSJKE3KVNBB4,HAMPTON UNIVERSITY,HAMPTON,VA,https://openalex.org/I151328261,https://ror.org/05fde5z47,Hampton University,1.0
KU3DCFJJTVN3,TEXAS A&M AGRILIFE RESEARCH,COLLEGE STATION,TX,https://openalex.org/I91045830,https://ror.org/01f5ytq51,Texas A&M University,0.444
KUKXRCZ6NZC2,SLOAN-KETTERING INSTITUTE FOR CANCER RESEARCH,NEW YORK,NY,https://openalex.org/I1334819555,,Memorial Sloan Kettering Cancer Center,manual
KULSKCCZJT27,MORGAN STATE UNIVERSITY,BALTIMORE,MD,https://openalex.org/I83909951,https://ror.org/017d8gk22,Morgan State University,1.0
KWTAB1GYM4L9,UNIVERSITY OF PUERTO RICO MEDICAL SCIENCES CAMPUS,SAN JUAN,PR,https://openalex.org/I158818660,https://ror.org/00h25w961,"University of Puerto Rico, Medical Sciences Campus",1.0
KXN7HGCF6K91,UNIVERSITY OF MIAMI,MIAMI,FL,https://openalex.org/I145608581,https://ror.org/02dgjyy92,University of Miami,1.0
KXNVA7JCC5K6,KENT STATE UNIVERSITY,KENT,OH,https://openalex.org/I149910238,https://ror.org/049pfb863,Kent State University,1.0
KZNHNMDUTJA5,TENNESSEE TECHNOLOGICAL UNIVERSITY,COOKEVILLE,TN,https://openalex.org/I63920570,https://ror.org/05drmrq39,Tennessee Technological University,1.0
L1DXXP1KGP77,NORTH CAROLINA CENTRAL UNIVERSITY,DURHAM,NC,https://openalex.org/I123127086,https://ror.org/051r3tx83,North Carolina Central University,1.0
L3ATVUT2KNK7,THE UNIVERSITY OF TEXAS RIO GRANDE VALLEY,EDINBURG,TX,https://openalex.org/I2802326326,https://ror.org/02p5xjf12,The University of Texas Rio Grande Valley,1.0
L4EEW9SQX2F6,"PUBLIC HEALTH FOUNDATION ENTERPRISES, INC.",LA PUENTE,CA,https://openalex.org/I4210131503,https://ror.org/03t7m8092,Public Health Foundation Enterprises,0.814
L6NFUM28LQM5,"WASHINGTON UNIVERSITY, THE",SAINT LOUIS,MO,https://openalex.org/I201448701,https://ror.org/00cvxb145,University of Washington,0.79
L952KGDMSLV5,RESEARCH FOUNDATION OF THE CITY UNIVERSITY OF NEW YORK,NEW YORK,NY,https://openalex.org/I4210103622,https://ror.org/01d03cj21,Research Foundation of The City University of New York,1.0
LAGNHMC58DF3,THE UNIVERSITY CORPORATION,NORTHRIDGE,CA,https://openalex.org/I181134585,https://ror.org/01xhcza12,University of the West,0.62
LCLSJAGTNZQ7,UNIVERSITY OF WISCONSIN SYSTEM,MADISON,WI,https://openalex.org/I1304256225,https://ror.org/03ydkyb10,University of Wisconsin System,1.0
LFDKLGTB62C4,"ASSOCIATION OF UNIVERSITIES FOR RESEARCH IN ASTRONOMY, INC.",TUCSON,AZ,https://openalex.org/I1313867356,https://ror.org/02y5f7c97,Association of Universities for Research in Astronomy,0.858
LGHBJMLVD8H3,"THE HOSPITAL FOR SPECIAL SURGERY FUND, INC.",NEW YORK,NY,https://openalex.org/I1281539108,https://ror.org/03zjqec80,Hospital for Special Surgery,0.812
LHGDNJMZ64Y1,ROCKEFELLER UNIVERSITY,NEW YORK,NY,https://openalex.org/I83399316,https://ror.org/0420db125,Rockefeller University,1.0
LJBXV5VF2BT9,SAN JOSE STATE UNIVERSITY RESEARCH FOUNDATION,SAN JOSE,CA,https://openalex.org/I51504820,https://ror.org/04qyvz380,San Jose State University,0.819
LL8GLEVH6MG3,UNIVERSITY OF UTAH,SALT LAKE CITY,UT,https://openalex.org/I223532165,https://ror.org/03r0ha626,University of Utah,1.0
LLABHNB9ABM4,UNIVERSITY OF PUERTO RICO,SAN JUAN,PR,https://openalex.org/I200399037,https://ror.org/02yg0nm07,University of Puerto Rico System,1.0
LLLYTJ6LYD21,DARTMOUTH-HITCHCOCK CLINIC,LEBANON,NH,https://openalex.org/I4210100835,https://ror.org/0145t7b41,Cheshire Medical Center,0.629
LMCJKRFW5R81,THE RESEARCH FOUNDATION FOR THE STATE UNIVERSITY OF NEW YORK,BUFFALO,NY,https://openalex.org/I4210111819,https://ror.org/01sfc5174,Research Foundation for the State University of New York,1.0
LMF5HEYNM148,PONCE MEDICAL SCHOOL FOUNDATION INC,PONCE,PR,https://openalex.org/I163086451,,Ponce Health Sciences University,manual
LMLUKUPJJ9N3,UNIVERSITY OF TEXAS AT ARLINGTON,ARLINGTON,TX,https://openalex.org/I189196454,https://ror.org/019kgqr73,The University of Texas at Arlington,1.0
LN53LCFJFL45,PRESIDENT AND FELLOWS OF HARVARD COLLEGE,CAMBRIDGE,MA,https://openalex.org/I145311948,https://ror.org/00za53h95,Harvard University,manual
LNGXAKMH8J26,AVERA MCKENNAN,SIOUX FALLS,SD,https://openalex.org/I4210152391,,Avera McKennan Hospital & University Health Center,manual
LQK1DD1EYZK9,"HEALTH RESEARCH, INC.",ALBANY,NY,https://openalex.org/I4405266904,https://ror.org/00a0rwr60,"Thorne HealthTech, Inc. (United States)",0.62
LT9CXX8L19G1,COLORADO STATE UNIVERSITY,FORT COLLINS,CO,https://openalex.org/I92446798,https://ror.org/03k1gpj17,Colorado State University,1.0
LTJVF4QSFCP9,LUNDQUIST INSTITUTE FOR BIOMEDICAL INNOVATION AT HARBOR-UCLA MEDICAL CENTER,TORRANCE,CA,https://openalex.org/I177607063,https://ror.org/025j2nd68,The Lundquist Institute,0.601
LTNVSTJ3R6D5,UNIVERSITY OF MASSACHUSETTS LOWELL,LOWELL,MA,https://openalex.org/I133738476,https://ror.org/03hamhx47,University of Massachusetts Lowell,1.0
LV8GL8MLU9A3,HMH HOSPITALS CORPORATION,EDISON,NJ,https://openalex.org/I4210148589,,Hackensack Meridian Health,manual
LWLJAPATKEL8,SIMONS LAUFER MATHEMATICAL SCIENCES INSTITUTE,BERKELEY,CA,https://openalex.org/I73544541,https://ror.org/05hs5r386,Mathematical Sciences Research Institute,0.592
LXCNYLGGX6N7,"NEW YORK BLOOD CENTER, INC",NEW YORK,NY,https://openalex.org/I1343675862,https://ror.org/01xvcf081,New York Blood Center,1.0
LXEJEU58YZG6,BUTLER HOSPITAL,PROVIDENCE,RI,https://openalex.org/I2802060973,https://ror.org/00z9zsj19,Butler Hospital,1.0
LXHMMWRKN5N8,OHIO UNIVERSITY,ATHENS,OH,https://openalex.org/I4210106879,https://ror.org/01jr3y717,Ohio University,1.0
LZYFSK879778,"ALBERT EINSTEIN COLLEGE OF MEDICINE, INC.",BRONX,NY,https://openalex.org/I129975664,https://ror.org/05cf8a891,Albert Einstein College of Medicine,0.851
M1K8LJAET5R1,THE UNIVERSITY OF SOUTHERN MISSISSIPPI,HATTIESBURG,MS,https://openalex.org/I44854399,https://ror.org/0270vfa57,University of Southern Mississippi,1.0
M1LVPE5GLSD9,"RUTGERS, THE STATE UNIVERSITY",NEW BRUNSWICK,NJ,https://openalex.org/I102322142,https://ror.org/05vt9qd57,"Rutgers, The State University of New Jersey",0.743
M2EEE68GGCY9,NORTHERN ILLINOIS UNIVERSITY,DEKALB,IL,https://openalex.org/I102502594,https://ror.org/012wxa772,Northern Illinois University,1.0
M2XKLRTA9G44,THE MARINE BIOLOGICAL LABORATORY,WOODS HOLE,MA,https://openalex.org/I1338920048,https://ror.org/046dg4z72,Marine Biological Laboratory,1.0
M3GAQBN4BWH6,HUDSONALPHA INSTITUTE FOR BIOTECHNOLOGY,HUNTSVILLE,AL,https://openalex.org/I4210145894,https://ror.org/04nz0wq19,HudsonAlpha Institute for Biotechnology,1.0
M3KHEEYRM1S6,CHILDREN'S RESEARCH INSTITUTE,WASHINGTON,DC,https://openalex.org/I1336742384,,Children's National,manual
M5QFLTCTSQN6,CLEVELAND CLINIC LERNER COLLEGE OF MEDICINE OF CASE WESTERN RESERVE UNIVERSITY,CLEVELAND,OH,https://openalex.org/I36373038,https://ror.org/02x4b0932,Cleveland Clinic Lerner College of Medicine,0.9
M5SZJ6VHUHN8,NEW YORK UNIVERSITY,NEW YORK,NY,https://openalex.org/I57206974,https://ror.org/0190ak572,New York University,1.0
M6K6NTJ2MNE5,WAYNE STATE UNIVERSITY,DETROIT,MI,https://openalex.org/I185443292,https://ror.org/01070mq45,Wayne State University,1.0
M746VC6XMNH9,THE RESEARCH FOUNDATION FOR THE STATE UNIVERSITY OF NEW YORK,STONY BROOK,NY,https://openalex.org/I4210111819,https://ror.org/01sfc5174,Research Foundation for the State University of New York,1.0
M7KCJ79FAVH5,LOUISIANA STATE UNIVERSITY HEALTH SCIENCES CENTER NEW ORLEANS,NEW ORLEANS,LA,https://openalex.org/I75420490,https://ror.org/01qv8fp92,Louisiana State University Health Sciences Center New Orleans,1.0
M7PNRH24BBM8,WEST VIRGINIA UNIVERSITY RESEARCH CORPORATION,MORGANTOWN,WV,https://openalex.org/I12097938,https://ror.org/011vxgd24,West Virginia University,0.787
M9ACC5DQCNL6,UNIVERSITY OF TOLEDO,TOLEDO,OH,https://openalex.org/I90871651,https://ror.org/01pbdzh19,University of Toledo,1.0
MAYKB1LWD5U9,MAINEHEALTH,PORTLAND,ME,https://openalex.org/I4210102705,https://ror.org/017xncd55,MaineHealth,1.0
MBD2CZMR5N48,"UNAVCO, INC",BOULDER,CO,https://openalex.org/I4430876,https://ror.org/02n9tn974,UNAVCO,1.0
MBKKNQM9QME3,ENDEAVOR HEALTH CLINICAL OPERATIONS,EVANSTON,IL,https://openalex.org/I1339509835,https://ror.org/04tpp9d61,Endeavor Health,1.0
MBU6HCLNZ431,WAKE FOREST UNIVERSITY,WINSTON SALEM,NC,https://openalex.org/I47251452,https://ror.org/0207ad724,Wake Forest University,1.0
MC4RJJM9XLT5,CAL POLY CORPORATION,SAN LUIS OBISPO,CA,https://openalex.org/I149919469,https://ror.org/001gpfp45,California Polytechnic State University,1.0
MCKWJYCWNVN3,THE MCLEAN HOSPITAL CORPORATION,BELMONT,MA,https://openalex.org/I2801148111,https://ror.org/01kta7d96,McLean Hospital,1.0
MECEHTM8DB17,UNIVERSITY OF ARKANSAS,FAYETTEVILLE,AR,https://openalex.org/I2799691083,https://ror.org/05vvhh982,University of Arkansas System,1.0
MG5BM5RM42J9,"RUTGERS, THE STATE UNIVERSITY",PISCATAWAY,NJ,https://openalex.org/I102322142,https://ror.org/05vt9qd57,"Rutgers, The State University of New Jersey",0.743
MGUCX773RNJ8,"SCRIPPS RESEARCH INSTITUTE, THE",JUPITER,FL,https://openalex.org/I123431417,https://ror.org/02dxx6824,Scripps Research Institute,1.0
MJ3JH8CRJBZ7,TRUSTEES OF BOSTON COLLEGE,CHESTNUT HILL,MA,https://openalex.org/I103531236,https://ror.org/02n2fzt79,Boston College,1.0
MJC5FCYQTPE6,UNIVERSITY OF CALIFORNIA IRVINE,IRVINE,CA,https://openalex.org/I204250578,https://ror.org/04gyf1771,"University of California, Irvine",1.0
MJL7LEL4B6M6,NORTHEAST OHIO MEDICAL UNIVERSITY,ROOTSTOWN,OH,https://openalex.org/I95240055,https://ror.org/04q9qf557,Northeast Ohio Medical University,1.0
MKAGLD59JRL1,UNIVERSITY OF PITTSBURGH - OF THE COMMONWEALTH SYSTEM OF HIGHER EDUCATION,PITTSBURGH,PA,https://openalex.org/I170201317,https://ror.org/01an3r305,University of Pittsburgh,1.0
MLQFL4JSSAA9,VIRGINIA COMMONWEALTH UNIVERSITY,RICHMOND,VA,https://openalex.org/I184840846,https://ror.org/02nkdxk79,Virginia Commonwealth University,1.0
MND6UJJX4PB3,PACIFIC INSTITUTE FOR RESEARCH & EVALUATION,BELTSVILLE,MD,https://openalex.org/I4210115156,https://ror.org/01jfr3w16,Pacific Institute For Research and Evaluation,0.869
MNJ3PQ7MXFN6,"RUTGERS, THE STATE UNIVERSITY",PISCATAWAY,NJ,https://openalex.org/I102322142,https://ror.org/05vt9qd57,"Rutgers, The State University of New Jersey",0.743
MNJDKB4FXLM6,THE AMERICAN MUSEUM OF NATURAL HISTORY,NEW YORK,NY,https://openalex.org/I1338124936,https://ror.org/03thb3e06,American Museum of Natural History,1.0
MNS7B9CVKDN7,GEORGIA STATE UNIVERSITY RESEARCH FOUNDATION INC,ATLANTA,GA,https://openalex.org/I181565077,https://ror.org/03qt6ba18,Georgia State University,0.787
MPYFY5UMSDP4,NATIONAL OPINION RESEARCH CENTER,CHICAGO,IL,https://openalex.org/I4210117923,https://ror.org/02f0bym65,National Opinion Research Center,1.0
MQE2JHHJW9Q8,UNIVERSITY OF MASSACHUSETTS MEDICAL SCHOOL,WORCESTER,MA,https://openalex.org/I166722992,https://ror.org/0464eyp60,University of Massachusetts Chan Medical School,1.0
MR5QC5FCAVH5,REGENTS OF THE UNIVERSITY OF CALIFORNIA AT RIVERSIDE,RIVERSIDE,CA,https://openalex.org/I103635307,https://ror.org/03nawhv43,"University of California, Riverside",1.0
MR7ZQXJSQKA5,U.S. CIVILIAN RESEARCH AND DEVELOPMENT FOUNDATION,ARLINGTON,VA,https://openalex.org/I2802598629,https://ror.org/01zpbb709,CRDF Global,0.818
MSPWVMXXMN76,UNIVERSITY OF TEXAS MEDICAL BRANCH AT GALVESTON,GALVESTON,TX,https://openalex.org/I55302922,https://ror.org/016tfm930,The University of Texas Medical Branch at Galveston,1.0
MV9GTK4QFA99,HENNEPIN HEALTHCARE RESEARCH INSTITUTE,MINNEAPOLIS,MN,https://openalex.org/I4210152469,https://ror.org/05v1amx46,Hennepin Healthcare Research Institute,1.0
MVRJYL6A9VF1,DONALD DANFORTH PLANT SCIENCE CENTER,SAINT LOUIS,MO,https://openalex.org/I2799511691,https://ror.org/000cyem11,Donald Danforth Plant Science Center,1.0
MW8JHK6ZYEX8,THE REGENTS OF THE UNIVERSITY OF COLORADO,AURORA,CO,https://openalex.org/I2802236040,https://ror.org/00jc20583,University of Colorado System,1.0
MWYVQTQ32ME5,PENNINGTON BIOMEDICAL RESEARCH CENTER,BATON ROUGE,LA,https://openalex.org/I103990859,https://ror.org/040cnym54,Pennington Biomedical Research Center,1.0
MX8ULDF6SDD6,"LAUREATE INSTITUTE FOR BRAIN RESEARCH, INC.",TULSA,OK,https://openalex.org/I4210159521,https://ror.org/05e6pjy56,Laureate Institute for Brain Research,0.852
MXHAS3AKPRN1,NORTHERN ARIZONA UNIVERSITY,FLAGSTAFF,AZ,https://openalex.org/I203172682,https://ror.org/0272j5188,Northern Arizona University,1.0
MXLZGAMFEKN5,BRANDEIS UNIVERSITY,WALTHAM,MA,https://openalex.org/I6902469,https://ror.org/05abbep66,Brandeis University,1.0
MY2ERHGDV956,"TUFTS MEDICAL CENTER PARENT, INC.",BOSTON,MA,https://openalex.org/I1290900354,https://ror.org/002hsbm82,Tufts Medical Center,0.668
MZ4DYXE1SL98,OREGON STATE UNIVERSITY,CORVALLIS,OR,https://openalex.org/I131249849,https://ror.org/00ysfqy60,Oregon State University,1.0
MZ9DFVC2J1B7,"ADA FORSYTH INSTITUTE, INC.",SOMERVILLE,MA,https://openalex.org/I4405268108,https://ror.org/05tr9gt18,The Forsyth Institute,0.807
N4WWJC8T2593,"AUGUSTA UNIVERSITY RESEARCH INSTITUTE, INC",AUGUSTA,GA,https://openalex.org/I4210087454,https://ror.org/007rawr89,Augusta University Health,0.524
N52NHWMBZNG5,CHILDRENS MERCY HOSPITAL,KANSAS CITY,MO,https://openalex.org/I1328594524,https://ror.org/04zfmcq84,Children's Mercy Hospital,0.692
N63ZMY7UETA3,TENNESSEE STATE UNIVERSITY,NASHVILLE,TN,https://openalex.org/I75256744,https://ror.org/01fpczx89,Tennessee State University,1.0
N876TLXYGCG4,RHODE ISLAND HOSPITAL,PROVIDENCE,RI,https://openalex.org/I2800446032,https://ror.org/01aw9fv09,Rhode Island Hospital,1.0
NA7AKMLK2BM1,MASSACHUSETTS EYE AND EAR INFIRMARY,BOSTON,MA,https://openalex.org/I1287163989,https://ror.org/04g3dn724,Massachusetts Eye and Ear Infirmary,1.0
NCSMA19DF7E6,CEDARS-SINAI MEDICAL CENTER,LOS ANGELES,CA,https://openalex.org/I1282927834,https://ror.org/02pammg90,Cedars-Sinai Medical Center,1.0
NFHEUCKBFMU4,ALLEN INSTITUTE,SEATTLE,WA,https://openalex.org/I4210140341,https://ror.org/03cpe7c52,Allen Institute,1.0
NGCNCJ1X6XA4,OKLAHOMA MEDICAL RESEARCH FOUNDATION,OKLAHOMA CITY,OK,https://openalex.org/I30558944,https://ror.org/035z6xf33,Oklahoma Medical Research Foundation,1.0
NH64NT271S93,CREIGHTON UNIVERSITY,OMAHA,NE,https://openalex.org/I114493937,https://ror.org/05wf30g94,Creighton University,1.0
NH77YPDEGG84,MICHIGAN STATE UNIVERSITY,EAST LANSING,MI,https://openalex.org/I87216513,https://ror.org/05hs6h993,Michigan State University,1.0
NHH3T1Z96H29,"RESEARCH FOUNDATION FOR THE STATE UNIVERSITY OF NEW YORK, THE",ALBANY,NY,https://openalex.org/I4210111819,https://ror.org/01sfc5174,Research Foundation for the State University of New York,1.0
NHV3GTWSALA7,THE MEDICAL UNIVERSITY OF SOUTH CAROLINA,CHARLESTON,SC,https://openalex.org/I153297377,https://ror.org/012jban78,Medical University of South Carolina,1.0
NJ14V2NZYM68,THE RESEARCH FOUNDATION FOR THE STATE UNIVERSITY OF NEW YORK,BROOKLYN,NY,https://openalex.org/I4210111819,https://ror.org/01sfc5174,Research Foundation for the State University of New York,1.0
NJ1YPQXQG7U5,THE TRUSTEES OF PRINCETON UNIVERSITY,PRINCETON,NJ,https://openalex.org/I20089843,https://ror.org/00hx57361,Princeton University,1.0
NJH3YBU1VHB7,PUBLIC HEALTH INSTITUTE,OAKLAND,CA,https://openalex.org/I4210111905,https://ror.org/019621n74,Public Health Institute,1.0
NJZEFMRACCH9,"NORTHERN CALIFORNIA INSTITUTE FOR RESEARCH AND EDUCATION, INC.",SAN FRANCISCO,CA,https://openalex.org/I4210166254,https://ror.org/05p48p517,Northern California Institute for Research and Education,0.855
NKAZLXLL7Z91,UNIVERSITY OF SOUTH FLORIDA,TAMPA,FL,https://openalex.org/I2613432,https://ror.org/032db5x82,University of South Florida,1.0
NLG5Q8FA5TE8,AMERICAN COLLEGE OF RADIOLOGY,RESTON,VA,https://openalex.org/I10595761,https://ror.org/01rzx2627,American College of Radiology,1.0
NMJHD63STRC5,"UNIVERSITY OF GEORGIA RESEARCH FOUNDATION, INC.",ATHENS,GA,https://openalex.org/I1289702989,https://ror.org/017wcm924,University System of Georgia,0.588
NNFQH1JAPEP3,UNIVERSITY OF FLORIDA,GAINESVILLE,FL,https://openalex.org/I33213144,https://ror.org/02y3ad647,University of Florida,1.0
NNJ6BMBTFGN5,"SALK INSTITUTE FOR BIOLOGICAL STUDIES, SAN DIEGO, CALIFORNIA, THE",LA JOLLA,CA,https://openalex.org/I1307098950,https://ror.org/03xez1567,Salk Institute for Biological Studies,0.646
NNYDFK5FTSX9,OKLAHOMA STATE UNIVERSITY,STILLWATER,OK,https://openalex.org/I115475287,https://ror.org/01g9vbr38,Oklahoma State University,1.0
NPH1VN32EWN5,BECKMAN RESEARCH INSTITUTE OF THE CITY OF HOPE,DUARTE,CA,https://openalex.org/I4210110459,,City of Hope,manual
NPM2J7MSCF61,THE PENNSYLVANIA STATE UNIVERSITY,UNIVERSITY PARK,PA,https://openalex.org/I130769515,https://ror.org/04p491231,Pennsylvania State University,1.0
NPSNT86JKN51,OREGON HEALTH & SCIENCE UNIVERSITY,PORTLAND,OR,https://openalex.org/I165690674,https://ror.org/009avj582,Oregon Health & Science University,1.0
NPT2UNTNHJZ1,WRIGHT STATE UNIVERSITY,DAYTON,OH,https://openalex.org/I19648265,https://ror.org/04qk6pt94,Wright State University,1.0
NPU8ULVAAS23,"UNIVERSITY OF MARYLAND, COLLEGE PARK",COLLEGE PARK,MD,https://openalex.org/I66946132,https://ror.org/047s2c258,"University of Maryland, College Park",1.0
NQMVAAQUFU53,THE RESEARCH FOUNDATION FOR THE STATE UNIVERSITY OF NEW YORK,BINGHAMTON,NY,https://openalex.org/I4210111819,https://ror.org/01sfc5174,Research Foundation for the State University of New York,1.0
NRJ8QC6LM4T1,THE HEKTOEN INSTITUTE FOR MEDICAL RESEARCH,CHICAGO,IL,https://openalex.org/I4210149207,https://ror.org/05y2m0c09,Institute for Medical Research,0.797
NSCKLFSSABF2,UNIVERSITY OF HAWAII,HONOLULU,HI,https://openalex.org/I1331384533,https://ror.org/03tzaeb71,University of Hawaii System,1.0
NTLHJXM55KZ6,ARIZONA STATE UNIVERSITY,TEMPE,AZ,https://openalex.org/I55732556,https://ror.org/03efmqc40,Arizona State University,1.0
NTXJM52SHKS7,MISSISSIPPI STATE UNIVERSITY,MISSISSIPPI STATE,MS,https://openalex.org/I99041443,https://ror.org/0432jq872,Mississippi State University,1.0
NUNHAKQ7MS86,"COGNITION THERAPEUTICS, INC.",PURCHASE,NY,https://openalex.org/I4210135492,,Cognition Therapeutics (United States),manual
NVUWAFWQ57S5,"WESTAT, INC.",BETHESDA,MD,https://openalex.org/I1333523220,,Westat (United States),manual
NX9PXMKW5KW8,NEW YORK UNIVERSITY,NEW YORK,NY,https://openalex.org/I57206974,https://ror.org/0190ak572,New York University,1.0
NZBMKZMW68N3,ASSOCIATED UNIVERSITIES INC,VIENNA,VA,https://openalex.org/I867387847,https://ror.org/03vbz5k97,"Associated Universities, Inc.",0.761
NZVVQ8GNVX65,"HARVARD PILGRIM HEALTH CARE, INC.",CANTON,MA,https://openalex.org/I4210111543,https://ror.org/01zxdeg39,Harvard Pilgrim Health Care,0.846
P1RTMASB37B5,KAISER FOUNDATION HOSPITALS,OAKLAND,CA,https://openalex.org/I4210148877,https://ror.org/058ydcm32,Kaiser Foundation Hospital,0.587
P2TDH1JCJD31,CALIFORNIA STATE UNIVERSITY LONG BEACH RESEARCH FOUNDATION,LONG BEACH,CA,https://openalex.org/I59897056,https://ror.org/0080fxk18,"California State University, Long Beach",0.858
PB11V1KH3KV4,SOUTHWEST RESEARCH INSTITUTE,SAN ANTONIO,TX,https://openalex.org/I1290463931,https://ror.org/03tghng59,Southwest Research Institute,1.0
PB3AJE5ZEJ59,UNIVERSITY OF MAINE SYSTEM,ORONO,ME,https://openalex.org/I2802397601,https://ror.org/050qj5m48,University of Maine System,1.0
PBBNV32ZW7Q6,EARTHSCOPE CONSORTIUM INC.,WASHINGTON,DC,https://openalex.org/I4387152867,https://ror.org/04danrt76,EarthScope Consortium,0.757
PFBDNBDS57H3,CHARLES R. DREW UNIVERSITY OF MEDICINE AND SCIENCE,LOS ANGELES,CA,https://openalex.org/I52710748,https://ror.org/038x2fh14,Charles R. Drew University of Medicine and Science,1.0
PHMKYKKJLQS1,SANFORD BURNHAM PREBYS MEDICAL DISCOVERY INSTITUTE,LA JOLLA,CA,https://openalex.org/I188891513,https://ror.org/03m1g2s55,Sanford Burnham Prebys Medical Discovery Institute,1.0
PHZJFZ32NKH4,SCRIPPS RESEARCH INSTITUTE,LA JOLLA,CA,https://openalex.org/I123431417,https://ror.org/02dxx6824,Scripps Research Institute,1.0
PK9FMGRDRVD5,BENAROYA RESEARCH INSTITUTE AT VIRGINIA MASON,SEATTLE,WA,https://openalex.org/I4210143431,https://ror.org/037ds2k79,Virginia Research Institute,0.603
PKFJZHG2MLG9,NATIONAL ACADEMY OF SCIENCES,WASHINGTON,DC,https://openalex.org/I1318687432,https://ror.org/038mfx688,National Academy of Sciences,1.0
PMMKPCKNN9R2,UNIVERSITY OF MASSACHUSETTS DARTMOUTH,NORTH DARTMOUTH,MA,https://openalex.org/I100633361,https://ror.org/00fzmm222,University of Massachusetts Dartmouth,1.0
Q266L2NDAVP1,FLORIDA ATLANTIC UNIVERSITY,BOCA RATON,FL,https://openalex.org/I63772739,https://ror.org/05p8w6387,Florida Atlantic University,1.0
Q3KCVK5S9CP1,FLORIDA INTERNATIONAL UNIVERSITY,MIAMI,FL,https://openalex.org/I19700959,https://ror.org/02gz6gg07,Florida International University,1.0
Q3LLLDFHPNL3,UNIVERSITY OF PUERTO RICO,SAN JUAN,PR,https://openalex.org/I200399037,https://ror.org/02yg0nm07,University of Puerto Rico System,1.0
Q7KKMKT2ANN7,PLANETARY SCIENCE INSTITUTE,TUCSON,AZ,https://openalex.org/I1302918504,https://ror.org/05vvg9554,Planetary Science Institute,1.0
Q7N8CH7NR418,SMITHSONIAN INSTITUTION,CAMBRIDGE,MA,https://openalex.org/I103187081,https://ror.org/01pp8nd67,Smithsonian Institution,1.0
QB12VPNQQFE8,UNIVERSITY OF SOUTH ALABAMA,MOBILE,AL,https://openalex.org/I83809506,https://ror.org/01s7b5y08,University of South Alabama,1.0
QCKAHGYGVCE4,BAY AREA ENVIRONMENTAL RESEARCH INSTITUTE,MOUNTAIN VIEW,CA,https://openalex.org/I4210109616,https://ror.org/024tt5x58,Bay Area Environmental Research Institute,1.0
QD1MX6N5YTN4,TEXAS A&M ENGINEERING EXPERIMENT STATION,COLLEGE STATION,TX,https://openalex.org/I91045830,https://ror.org/01f5ytq51,Texas A&M University,0.413
QD4MGHFDJKU1,TEMPLE UNIVERSITY-OF THE COMMONWEALTH SYSTEM OF HIGHER EDUCATION,PHILADELPHIA,PA,https://openalex.org/I84392919,https://ror.org/00kx1jb78,Temple University,1.0
QDE5UHE5XD16,VIRGINIA POLYTECHNIC INSTITUTE & STATE UNIVERSITY,BLACKSBURG,VA,https://openalex.org/I859038795,https://ror.org/02smfhw86,Virginia Tech,0.892
QHF5ZZ114M72,THE TRUSTEES OF COLUMBIA UNIVERSITY IN THE CITY OF NEW YORK,NEW YORK,NY,https://openalex.org/I78577930,https://ror.org/00hj8s172,Columbia University,1.0
QHHJD3X516J9,"RUTGERS, THE STATE UNIVERSITY",NEWARK,NJ,https://openalex.org/I102322142,https://ror.org/05vt9qd57,"Rutgers, The State University of New Jersey",0.743
QJ8HMDK7MRM3,UNIVERSITY OF CALIFORNIA SAN DIEGO,LA JOLLA,CA,https://openalex.org/I36258959,https://ror.org/0168r3w48,University of California San Diego,1.0
QJZ1F3UMLEJ4,UNIVERSITY ENTERPRISES CORPORATION AT CSUSB,SAN BERNARDINO,CA,https://openalex.org/I43369023,,"California State University, San Bernardino",manual
QKWEF8XLMTT3,UNIVERSITY OF HOUSTON SYSTEM,HOUSTON,TX,https://openalex.org/I2801525821,https://ror.org/040vwpm13,University of Houston System,1.0
QL3ZB67MLJL5,"RUTGERS, THE STATE UNIVERSITY OF NEW JERSEY",NEW BRUNSWICK,NJ,https://openalex.org/I102322142,https://ror.org/05vt9qd57,"Rutgers, The State University of New Jersey",1.0
QLRCUJ8JTN53,VAN ANDEL RESEARCH INSTITUTE,GRAND RAPIDS,MI,https://openalex.org/I1317189400,https://ror.org/00wm07d60,Van Andel Institute,0.773
QN6MS4VN7BD1,BRIGHAM & WOMENS HOSPITAL INC,BOSTON,MA,https://openalex.org/I1283280774,,Brigham and Women's Hospital,manual
QWYKRJH5NNJ3,REGENTS OF THE UNIVERSITY OF IDAHO,MOSCOW,ID,https://openalex.org/I155093810,https://ror.org/03hbp5t65,University of Idaho,1.0
R28EKN92ZTZ9,MICHIGAN STATE UNIVERSITY,EAST LANSING,MI,https://openalex.org/I87216513,https://ror.org/05hs6h993,Michigan State University,1.0
R8JEVL4ULGB7,THOMAS JEFFERSON UNIVERSITY,PHILADELPHIA,PA,https://openalex.org/I149251103,https://ror.org/00ysqcn41,Thomas Jefferson University,1.0
R9NXPE2GTCN9,HENRY FORD HEALTH SYSTEM,DETROIT,MI,https://openalex.org/I154057602,https://ror.org/02kwnkm68,Henry Ford Health System,1.0
RCNJEHZ83EV6,UNIVERSITY OF ALABAMA,TUSCALOOSA,AL,https://openalex.org/I17301866,https://ror.org/03xrrjk67,University of Alabama,1.0
RD7MXJV7DKT9,THE UNIVERSITY OF CENTRAL FLORIDA BOARD OF TRUSTEES,ORLANDO,FL,https://openalex.org/I106165777,https://ror.org/036nfer12,University of Central Florida,1.0
RFRPFMNR8LA5,LOYOLA UNIVERSITY OF CHICAGO,MAYWOOD,IL,https://openalex.org/I1925986,https://ror.org/04b6x2g63,Loyola University Chicago,1.0
RN64EPNH8JC6,"UNIVERSITY OF CALIFORNIA, LOS ANGELES",LOS ANGELES,CA,https://openalex.org/I161318765,https://ror.org/046rm7j60,"University of California, Los Angeles",1.0
RNKYWXURFRL5,UNIVERSITY OF MARYLAND BALTIMORE COUNTY,BALTIMORE,MD,https://openalex.org/I79272384,https://ror.org/02qskvh78,"University of Maryland, Baltimore County",1.0
RQMFJGDTQ5V3,UNIVERSITY OF MIAMI,MIAMI,FL,https://openalex.org/I145608581,https://ror.org/02dgjyy92,University of Miami,1.0
RRCZRDT5DHP1,"JAEB CENTER FOR HEALTH RESEARCH FOUNDATION, INC.",TAMPA,FL,https://openalex.org/I4210137870,https://ror.org/04ezjnq35,Jaeb Center for Health Research,0.846
RSWNKK6J8CF3,UNIVERSITY OF NORTH DAKOTA,GRAND FORKS,ND,https://openalex.org/I24571045,https://ror.org/04a5szx83,University of North Dakota,1.0
RZZ8BMQ47KX3,DELAWARE STATE UNIVERSITY,DOVER,DE,https://openalex.org/I126548940,https://ror.org/03g35dg18,Delaware State University,1.0
S352L5PJLMP8,EMORY UNIVERSITY,ATLANTA,GA,https://openalex.org/I150468666,https://ror.org/03czfpz43,Emory University,1.0
S3GMKS8ELA16,THE UNIVERISTY OF TEXAS M.D. ANDERSON CANCER CENTER,HOUSTON,TX,https://openalex.org/I1343551460,https://ror.org/04twxam07,The University of Texas MD Anderson Cancer Center,0.681
S9GFNEC7QLZ7,RESEARCH FOUNDATION OF THE CITY UNIVERSITY OF NEW YORK,NEW YORK,NY,https://openalex.org/I4210103622,https://ror.org/01d03cj21,Research Foundation of The City University of New York,1.0
SB35ENJFKK14,BANNER HEALTH,PHOENIX,AZ,https://openalex.org/I2802412784,,Banner Health,manual
SGBMHQ7VXNH5,NEW JERSEY INSTITUTE OF TECHNOLOGY,NEWARK,NJ,https://openalex.org/I118118575,https://ror.org/05e74xb87,New Jersey Institute of Technology,1.0
SHHBRBAPSM35,TRUSTEES OF INDIANA UNIVERSITY,INDIANAPOLIS,IN,https://openalex.org/I592451,https://ror.org/01kg8sb98,Indiana University,1.0
SKG7TLUN8JH6,"ECOG-ACRIN MEDICAL RESEARCH FOUNDATION, INC.",PHILADELPHIA,PA,https://openalex.org/I4210097235,,ECOG-ACRIN Cancer Research Group,manual
SKH5GMBR9GL3,NORTH CAROLINA AGRICULTURAL AND TECHNICAL STATE UNIVERSITY,GREENSBORO,NC,https://openalex.org/I35777872,https://ror.org/02aze4h65,North Carolina Agricultural and Technical State University,1.0
SKX6AXF9ZTM3,DIGNITY HEALTH,SAN FRANCISCO,CA,https://openalex.org/I2802827176,https://ror.org/05c9r4685,Dignity Health,1.0
SL2PF6R7MRN1,CLARKSON UNIVERSITY,POTSDAM,NY,https://openalex.org/I16944753,https://ror.org/03rwgpn18,Clarkson University,1.0
SLMPURD4W9U9,NATIONAL INSTITUTE OF AEROSPACE ASSOCIATES,HAMPTON,VA,https://openalex.org/I1329048335,https://ror.org/00fadxs59,National Institute of Aerospace,0.784
SMK9PCMKXED6,INSTITUTE FOR SYSTEMS BIOLOGY,SEATTLE,WA,https://openalex.org/I3148997608,https://ror.org/02tpgw303,Institute for Systems Biology,1.0
SN7KD2UK7GC5,WAKE FOREST UNIVERSITY HEALTH SCIENCES,WINSTON SALEM,NC,https://openalex.org/I47251452,,Wake Forest University,manual
SPE2YDWHDYU4,UTAH STATE UNIVERSITY,LOGAN,UT,https://openalex.org/I121980950,https://ror.org/00h6set76,Utah State University,1.0
SPVKK1RC2MZ3,THE REGENTS OF THE UNIVERSITY OF COLORADO,BOULDER,CO,https://openalex.org/I2802236040,https://ror.org/00jc20583,University of Colorado System,1.0
SRG2J1WS9X63,SRI INTERNATIONAL,MENLO PARK,CA,https://openalex.org/I1298353152,https://ror.org/05s570m15,SRI International,1.0
SSUJB3GSH8A5,UNIVERSITY OF KANSAS CENTER FOR RESEARCH INC,LAWRENCE,KS,https://openalex.org/I146416000,https://ror.org/001tmjg57,University of Kansas,0.572
SZ32VTCXM799,SEATTLE CHILDREN'S HOSPITAL,SEATTLE,WA,https://openalex.org/I1295499534,https://ror.org/01njes783,Seattle Children's Hospital,1.0
SZAKFNU35ZX5,LOMA LINDA UNIVERSITY,LOMA LINDA,CA,https://openalex.org/I26347476,https://ror.org/04bj28v14,Loma Linda University,1.0
SZPJL5ZRCLF4,UNIVERSITY OF MISSOURI SYSTEM,COLUMBIA,MO,https://openalex.org/I76835614,https://ror.org/02ymw8z06,University of Missouri,1.0
T3NGNR66YK89,"RUTGERS, THE STATE UNIVERSITY",PISCATAWAY,NJ,https://openalex.org/I102322142,https://ror.org/05vt9qd57,"Rutgers, The State University of New Jersey",0.743
T6J6AF3AM8M8,MIAMI UNIVERSITY,OXFORD,OH,https://openalex.org/I83328450,https://ror.org/05nbqxr67,Miami University,1.0
T72NHKM259N3,UNIVERSITY OF DELAWARE,NEWARK,DE,https://openalex.org/I86501945,https://ror.org/01sbq1a82,University of Delaware,1.0
TF2CMKY1HMX9,GEORGETOWN UNIVERSITY,WASHINGTON,DC,https://openalex.org/I184565670,https://ror.org/05vzafd60,Georgetown University,1.0
THL6A6JLE1S7,TRUSTEES OF BOSTON UNIVERSITY,BOSTON,MA,https://openalex.org/I111088046,https://ror.org/05qwgg493,Boston University,1.0
TJFZLPP6NYL6,FRED HUTCHINSON CANCER CENTER,SEATTLE,WA,https://openalex.org/I4210089486,https://ror.org/007ps6h72,Fred Hutch Cancer Center,1.0
TNKGNDAWB445,PENNSYLVANIA STATE UNIVERSITY,HERSHEY,PA,https://openalex.org/I130769515,https://ror.org/04p491231,Pennsylvania State University,1.0
TP7EK8DZV6N5,DUKE UNIVERSITY,DURHAM,NC,https://openalex.org/I170897317,https://ror.org/00py81415,Duke University,1.0
TPALZA9N4M11,SAGE BIONETWORKS,SEATTLE,WA,https://openalex.org/I1323236076,https://ror.org/049ncjx51,Sage Bionetworks,1.0
TUS8D6ZGL9R3,NRG ONCOLOGY FOUNDATION INC,PHILADELPHIA,PA,https://openalex.org/I4210162619,https://ror.org/050draa26,NRG Oncology,1.0
TX2DAGQPENZ5,"UNIVERSITY OF CALIFORNIA, DAVIS",DAVIS,CA,https://openalex.org/I84218800,https://ror.org/05rrcem69,"University of California, Davis",1.0
TYVNMW8FNQQ3,"RESEARCH FOUNDATION FOR MENTAL HYGIENE, INC.",NEW YORK,NY,https://openalex.org/I4210147620,https://ror.org/042ckra75,Research Foundation For Mental Hygiene,0.811
U2JMKHNS5TG4,CALIFORNIA INSTITUTE OF TECHNOLOGY,PASADENA,CA,https://openalex.org/I122411786,https://ror.org/05dxps055,California Institute of Technology,1.0
U3NKNFLNQ613,CARNEGIE-MELLON UNIVERSITY,PITTSBURGH,PA,https://openalex.org/I74973139,https://ror.org/05x2bcf33,Carnegie Mellon University,1.0
U3NVH931QJJ3,NORTH CAROLINA STATE UNIVERSITY,RALEIGH,NC,https://openalex.org/I137902535,https://ror.org/04tj63d06,North Carolina State University,1.0
U3ZFA57417D4,WESTERN WASHINGTON UNIVERSITY,BELLINGHAM,WA,https://openalex.org/I52669646,https://ror.org/05wn7r715,Western Washington University,1.0
U44ZMVYU52U6,THE UNIVERSITY OF TEXAS AT SAN ANTONIO,SAN ANTONIO,TX,https://openalex.org/I45438204,https://ror.org/01kd65564,The University of Texas at San Antonio,1.0
U46RJM97ML83,THE MOUNT DESERT ISLAND BIOLOGICAL LABORATORY,BAR HARBOR,ME,https://openalex.org/I2800736356,https://ror.org/04dw1bf40,Mount Desert Island Biological Laboratory,1.0
U5MMBAC9XAM5,"EMBRY-RIDDLE AERONAUTICAL UNIVERSITY, INC.",DAYTONA BEACH,FL,https://openalex.org/I4405257369,https://ror.org/056hgwq51,Embry-Riddle Aeronautical University Worldwide & Online,0.675
U5WBFKEBLMX3,RENSSELAER POLYTECHNIC INSTITUTE,TROY,NY,https://openalex.org/I165799507,https://ror.org/01rtyzb94,Rensselaer Polytechnic Institute,1.0
U9EDNSCHTBE7,THE UNIVERSITY OF SOUTH DAKOTA,VERMILLION,SD,https://openalex.org/I189957204,https://ror.org/0043h8f16,University of South Dakota,1.0
U9JCYEXFEEU4,TUSKEGEE UNIVERSITY,TUSKEGEE INSTITUTE,AL,https://openalex.org/I6026837,https://ror.org/0137n4m74,Tuskegee University,1.0
ULMJJBL7ZXX3,MAYO CLINIC ARIZONA,SCOTTSDALE,AZ,https://openalex.org/I4210125099,,Mayo Clinic in Arizona,manual
UNVDZNFA8R29,PRESIDENT AND FELLOWS OF HARVARD COLLEGE,BOSTON,MA,https://openalex.org/I145311948,https://ror.org/00za53h95,Harvard University,manual
UUUMQVGJNNX1,"JOSLIN DIABETES CENTER, INC.",BOSTON,MA,https://openalex.org/I1293231726,https://ror.org/0280a3n32,Joslin Diabetes Center,0.809
UWNWSADJYYZ3,"EPICYPHER, INC.",DURHAM,NC,https://openalex.org/I4210112451,,EpiCypher (United States),manual
UYLKBRENAPG5,"THE HENRY M. JACKSON FOUNDATION FOR THE ADVANCEMENT OF MILITARY MEDICINE, INC.",BETHESDA,MD,https://openalex.org/I1280259254,https://ror.org/04q9tew83,Henry M. Jackson Foundation,0.448
UYTTZT6G9DT1,"UNIVERSITY OF CALIFORNIA, SAN DIEGO",LA JOLLA,CA,https://openalex.org/I36258959,https://ror.org/0168r3w48,University of California San Diego,1.0
V5LLVC627U34,EAST TENNESSEE STATE UNIVERSITY,JOHNSON CITY,TN,https://openalex.org/I119443389,https://ror.org/05rfqv493,East Tennessee State University,1.0
V62NC51F7YV1,UNIVERSITY OF DAYTON,DAYTON,OH,https://openalex.org/I127591826,https://ror.org/021v3qy27,University of Dayton,1.0
V6AFQPN18437,UNIVERSITY OF TEXAS AT AUSTIN,AUSTIN,TX,https://openalex.org/I86519309,https://ror.org/00hj54h04,The University of Texas at Austin,1.0
V913TCT2SFZ9,ROSALIND FRANKLIN UNIVERSITY OF MEDICINE & SCIENCE,NORTH CHICAGO,IL,https://openalex.org/I189273616,https://ror.org/04fegvg32,Rosalind Franklin University of Medicine and Science,0.891
VDFYLZPJEAV6,UNIVERSITY OF ARKANSAS FOR MEDICAL SCIENCES,LITTLE ROCK,AR,https://openalex.org/I79620101,https://ror.org/00xcryt71,University of Arkansas for Medical Sciences,1.0
VGJHK59NMPK9,UNIVERSITY OF MASSACHUSETTS,AMHERST,MA,https://openalex.org/I2802841742,https://ror.org/0260j1g46,University of Massachusetts System,1.0
VL5FH97BNMH5,UNIVERSITY OF HAWAII,HONOLULU,HI,https://openalex.org/I1331384533,https://ror.org/03tzaeb71,University of Hawaii System,1.0
VLQKFEEJ3NE9,NATIONAL JEWISH HEALTH,DENVER,CO,https://openalex.org/I3019586173,https://ror.org/016z2bp30,National Jewish Health,1.0
VPWMMPGGPJ74,UNIVERSITIES SPACE RESEARCH ASSOCIATION,WASHINGTON,DC,https://openalex.org/I1329765538,https://ror.org/043pgqy52,Universities Space Research Association,1.0
VQ5WK498QDC6,CSU FULLERTON AUXILIARY SERVICES CORPORATION,FULLERTON,CA,https://openalex.org/I4210158733,https://ror.org/05jy4qt42,CSUF Auxiliary Services,0.575
VRAASTY11EA3,FAMILY HEALTH INTERNATIONAL,DURHAM,NC,https://openalex.org/I1290866511,https://ror.org/007kp6q87,Family Health International 360,0.822
VUYJL5Q7YCZ3,WOMEN & INFANTS HOSPITAL OF RHODE ISLAND,PROVIDENCE,RI,https://openalex.org/I4210133025,https://ror.org/03z8sn326,Women & Infants Hospital of Rhode Island,1.0
VXUFPE4MCZH5,UNIVERSITY OF CALIFORNIA SANTA CRUZ,SANTA CRUZ,CA,https://openalex.org/I185103710,https://ror.org/03s65by71,"University of California, Santa Cruz",1.0
W1NBN156CYF9,"ASSOCIATION OF UNIVERSITIES FOR RESEARCH IN ASTRONOMY, INC.",BALTIMORE,MD,https://openalex.org/I1313867356,https://ror.org/02y5f7c97,Association of Universities for Research in Astronomy,0.858
W6Q8XJV41Z98,"THE MORGRIDGE INSTITUTE FOR RESEARCH, INC.",MADISON,WI,https://openalex.org/I29680605,https://ror.org/05cb4rb43,Morgridge Institute for Research,0.817
W8LKB16HV1K5,FLORIDA A & M UNIVERSITY,TALLAHASSEE,FL,https://openalex.org/I8248082,,Florida Agricultural and Mechanical University,manual
W8XEAJDKMXH3,UNIVERSITY OF ILLINOIS,CHICAGO,IL,https://openalex.org/I157725225,https://ror.org/047426m28,University of Illinois Urbana-Champaign,1.0
WCUGNQQ8DZU1,UNIVERSITY OF DENVER,DENVER,CO,https://openalex.org/I131651094,https://ror.org/04w7skc03,University of Denver,1.0
WFVHMSF6BU45,JACKSON STATE UNIVERSITY,JACKSON,MS,https://openalex.org/I61937129,https://ror.org/01ecnnp60,Jackson State University,1.0
WK63UJ11C2H7,NEW YORK MEDICAL COLLEGE,VALHALLA,NY,https://openalex.org/I181190671,https://ror.org/03dkvy735,New York Medical College,1.0
WKAUE7NHR4L1,SETI INSTITUTE,MOUNTAIN VIEW,CA,https://openalex.org/I872623138,https://ror.org/02dxgk712,Search for Extraterrestrial Intelligence,1.0
WKPTJDWG2C68,"NEW YORK GENOME CENTER, INC.",NEW YORK,NY,https://openalex.org/I4210151462,https://ror.org/05wf2ga96,New York Genome Center,0.839
WL9FLBRVPJJ7,TRUSTEES OF TUFTS COLLEGE,MEDFORD,MA,https://openalex.org/I121934306,,Tufts University,manual
WLDGTNCFFJZ3,BOARD OF REGENTS OF NEVADA SYSTEM OF HIGHER EDUCATION,RENO,NV,https://openalex.org/I68260882,https://ror.org/03sxdvx36,Nevada System of Higher Education,1.0
WMHWCFJNAJL3,BUCK INSTITUTE FOR RESEARCH ON AGING,NOVATO,CA,https://openalex.org/I1337826666,https://ror.org/050sv4x28,Buck Institute for Research on Aging,1.0
WNN6VH618X58,FLORIDA INSTITUTE OF TECHNOLOGY INC,MELBOURNE,FL,https://openalex.org/I106959904,https://ror.org/04atsbb87,Florida Institute of Technology,1.0
WNTPS995QBM7,UNIVERSITY OF CONNECTICUT,STORRS MANSFIELD,CT,https://openalex.org/I140172145,https://ror.org/02der9h97,University of Connecticut,1.0
WQNERYY3BK94,LIEBER INSTITUTE INC,BALTIMORE,MD,https://openalex.org/I4210151493,,Lieber Institute for Brain Development,manual
WS29EMGEVEJ4,HEBREW REHABILITATION CENTER,ROSLINDALE,MA,https://openalex.org/I4210122688,https://ror.org/02nmc8040,Rochester Rehabilitation Center,0.639
WUWGNMBAHKG2,VIGNET INC.,FAIRFAX,VA,https://openalex.org/I4210151810,,Vignet (United States),manual
WWH4L4GKKW58,"EDUCATION DEVELOPMENT CENTER, INC.",WALTHAM,MA,https://openalex.org/I4210152198,https://ror.org/04wnwd012,Education Development Center,0.751
X1M1PN3KG3E7,UNIVERSITY OF TENNESSEE,MEMPHIS,TN,https://openalex.org/I75027704,https://ror.org/020f3ap87,University of Tennessee at Knoxville,1.0
X59NJBFL8BJ3,UNIVERSITY OF MISSISSIPPI MEDICAL CENTER,JACKSON,MS,https://openalex.org/I29606459,https://ror.org/044pcn091,University of Mississippi Medical Center,1.0
X5S7PNXMJMC7,"THE MOREHOUSE SCHOOL OF MEDICINE, INC.",ATLANTA,GA,https://openalex.org/I6332465,https://ror.org/01pbhra64,Morehouse School of Medicine,0.814
XA77NAJYELF1,UNIVERSITY OF TOLEDO,TOLEDO,OH,https://openalex.org/I90871651,https://ror.org/01pbdzh19,University of Toledo,1.0
XAJWT43U55A3,REHABILITATION INSTITUTE OF CHICAGO,CHICAGO,IL,https://openalex.org/I1324242722,https://ror.org/02ja0m249,Shirley Ryan AbilityLab,1.0
XCPKWEM58CV5,RHO FEDERAL SYSTEMS DIVISION INC,DURHAM,NC,https://openalex.org/I4210153694,https://ror.org/049ba1e57,Rho (United States),0.773
XF3XM9642N96,DREXEL UNIVERSITY,PHILADELPHIA,PA,https://openalex.org/I72816309,https://ror.org/04bdffz58,Drexel University,1.0
XJ7MMPHBMGM7,ANN & ROBERT H LURIE CHILDRENS HOSPITAL OF CHICAGO,CHICAGO,IL,https://openalex.org/I1294278766,https://ror.org/03a6zw892,Lurie Children's Hospital,0.752
XJUCJAYJWYV1,THE METHODIST HOSPITAL RESEARCH INSTITUTE,HOUSTON,TX,https://openalex.org/I1295876152,,Houston Methodist,manual
XNY5ULPU8EN6,THE ADMINISTRATORS OF TULANE EDUCATIONAL FUND,NEW ORLEANS,LA,https://openalex.org/I114832834,https://ror.org/04vmvtb21,Tulane University,0.509
XQJNZNQZAFP3,"CORIELL INSTITUTE FOR MEDICAL RESEARCH, INC.",CAMDEN,NJ,https://openalex.org/I2801875870,https://ror.org/04npwsp41,Coriell Institute For Medical Research,0.853
XQQJEDK7JC21,"SCHEPENS EYE RESEARCH INSTITUTE, INC., THE",BOSTON,MA,https://openalex.org/I1287163989,,Massachusetts Eye and Ear Infirmary,manual
XR6LMXNKDJJ1,JACKSON LABORATORY,BAR HARBOR,ME,https://openalex.org/I4210115256,https://ror.org/021sy4w91,Jackson Laboratory,1.0
XRJSGX384TD6,WASHINGTON STATE UNIVERSITY,PULLMAN,WA,https://openalex.org/I72951846,https://ror.org/05dk0ce17,Washington State University,1.0
Y28BEBJ4MNU7,BOARD OF TRUSTEES OF SOUTHERN ILLINOIS UNIVERSITY,CARBONDALE,IL,https://openalex.org/I2801502357,https://ror.org/05vz28418,Southern Illinois University System,1.0
Y2K4F9RPRRG7,MAYO CLINIC,ROCHESTER,MN,https://openalex.org/I1330342723,https://ror.org/02qp3tb03,Mayo Clinic,1.0
Y3RET2XN41S5,TEXAS A&M UNIVERSITY-CORPUS CHRISTI,CORPUS CHRISTI,TX,https://openalex.org/I96749437,https://ror.org/01mrfdz82,Texas A&M University – Corpus Christi,0.889
Y6MGH342N169,UNIVERSITY OF MISSOURI SYSTEM,ROLLA,MO,https://openalex.org/I76835614,https://ror.org/02ymw8z06,University of Missouri,1.0
Y8CWNJRCNN91,UNIVERSITY OF ILLINOIS,URBANA,IL,https://openalex.org/I157725225,https://ror.org/047426m28,University of Illinois Urbana-Champaign,1.0
YDQLHSMTBZ24,"CENTER FOR THE ADVANCEMENT OF SCIENCE IN SPACE, INC.",MERRITT ISLAND,FL,https://openalex.org/I2800419965,https://ror.org/02zvw6748,Center for the Advancement of Science in Space,0.851
YDWAYVVQHNK5,"HEALTH RESEARCH, INC.",BUFFALO,NY,https://openalex.org/I4405266904,https://ror.org/00a0rwr60,"Thorne HealthTech, Inc. (United States)",0.62
YEZEE8W5JKA3,UNIVERSITY CORPORATION FOR ATMOSPHERIC RESEARCH,BOULDER,CO,https://openalex.org/I2799356940,https://ror.org/04zhhyn23,University Corporation for Atmospheric Research,1.0
YH86RTW2YVJ4,TRUSTEES OF INDIANA UNIVERSITY,BLOOMINGTON,IN,https://openalex.org/I592451,https://ror.org/01kg8sb98,Indiana University,1.0
YKGMTXA2NVL6,CLEVELAND STATE UNIVERSITY,CLEVELAND,OH,https://openalex.org/I102607778,https://ror.org/002tx1f22,Cleveland State University,1.0
YL62T9FVJXG3,UNIVERSITY OF GUAM,BARRIGADA,GU,https://openalex.org/I80276326,https://ror.org/00376bg92,University of Guam,1.0
YLF2SS2NYGC5,SANARIA INC.,ROCKVILLE,MD,https://openalex.org/I4210089633,https://ror.org/0092qhe76,Sanaria,0.595
YM5EKEVEGB75,"FRIENDS RESEARCH INSTITUTE, INC",BALTIMORE,MD,https://openalex.org/I4210146075,https://ror.org/03qjb5r86,Friends Research Institute,1.0
YND4PLMC9AN7,UNIVERSITY OF ALABAMA AT BIRMINGHAM,BIRMINGHAM,AL,https://openalex.org/I32389192,https://ror.org/008s83205,University of Alabama at Birmingham,1.0
YNT8TCJH8FQ8,WEILL MEDICAL COLLEGE OF CORNELL UNIVERSITY,NEW YORK,NY,https://openalex.org/I4387153466,,Weill Cornell Medicine,manual
YRXVL4JYCEF5,PURDUE UNIVERSITY,WEST LAFAYETTE,IN,https://openalex.org/I219193219,,Purdue University West Lafayette,manual
YVVTQD8CJC79,RUTGERS THE STATE UNIVERSITY OF NEW JERSEY,NEWARK,NJ,https://openalex.org/I102322142,https://ror.org/05vt9qd57,"Rutgers, The State University of New Jersey",1.0
YXJGGNC5J269,"UNIVERSITY OF KANSAS MEDICAL CENTER RESEARCH INSTITUTE, INC.",KANSAS CITY,KS,https://openalex.org/I4210128618,https://ror.org/036c9yv20,University of Kansas Medical Center,0.634
YY46Q97AEZA8,THE RAND CORPORATION,SANTA MONICA,CA,https://openalex.org/I1309849503,https://ror.org/00f2z7n96,RAND Corporation,1.0
YZJ6DKPM4W63,THE UNIVERSITY OF TEXAS SOUTHWESTERN MEDICAL CENTER,DALLAS,TX,https://openalex.org/I867280407,https://ror.org/05byvp690,The University of Texas Southwestern Medical Center,1.0
Z1H9VJS8NG16,THE UNIVERSITY OF IOWA,IOWA CITY,IA,https://openalex.org/I126307644,https://ror.org/036jqmy94,University of Iowa,1.0
Z1L7BKGEAGC7,"NOVA SOUTHEASTERN UNIVERSITY, INC",FORT LAUDERDALE,FL,https://openalex.org/I203088144,https://ror.org/042bbge36,Nova Southeastern University,1.0
Z1L9F1MM1RY3,"CHILDREN'S HOSPITAL CORPORATION, THE",BOSTON,MA,https://openalex.org/I1288882113,,Boston Children's Hospital,manual
Z3FGN9MF92U2,UNIVERSITY OF OREGON,EUGENE,OR,https://openalex.org/I181233156,https://ror.org/0293rh119,University of Oregon,1.0
Z94KLERAG5V9,UNIVERSITY OF VERMONT & STATE AGRICULTURAL COLLEGE,BURLINGTON,VT,https://openalex.org/I111236770,https://ror.org/0155zta11,University of Vermont,0.891
Z9CRZKD42ZT1,"UNIVERSITY OF MARYLAND, BALTIMORE",BALTIMORE,MD,https://openalex.org/I126744593,https://ror.org/04rq5mt64,"University of Maryland, Baltimore",1.0
ZGKVAM2JVKG2,AMERICAN ASSOCIATION FOR THE ADVANCEMENT OF SCIENCE,WASHINGTON,DC,https://openalex.org/I1311206647,https://ror.org/05j0w0e76,American Association For The Advancement of Science,1.0
ZPAUY3FQMM26,LA JOLLA INSTITUTE FOR IMMUNOLOGY,LA JOLLA,CA,https://openalex.org/I1311191458,https://ror.org/05vkpd318,La Jolla Institute for Immunology,1.0
ZQ12LY4L5H39,CARNEGIE INSTITUTION OF WASHINGTON,WASHINGTON,DC,https://openalex.org/I196817621,https://ror.org/04jr01610,Carnegie Institution for Science,1.0
ZUE9HKT2CLC9,THE UNIVERSITY OF CHICAGO,CHICAGO,IL,https://openalex.org/I40347166,https://ror.org/024mw5h28,University of Chicago,1.0
ZUFBNVZ587D4,UNIVERSITY OF TEXAS HEALTH SCIENCE CENTER AT HOUSTON,HOUSTON,TX,https://openalex.org/I919571938,https://ror.org/03gds6c39,The University of Texas Health Science Center at Houston,1.0
