fiscal_year,agency,domain_name,field_name,allocated_funding
2016,National Institutes of Health,Health Sciences,Medicine,8112984819.880377
2016,National Institutes of Health,Social Sciences,Social Sciences,2494162013.1491623
2016,National Institutes of Health,Life Sciences,"Biochemistry, Genetics and Molecular Biology",2349986165.41966
2016,National Institutes of Health,Physical Sciences,Physics and Astronomy,1219100310.8500435
2016,National Institutes of Health,Social Sciences,Psychology,859738326.651406
2016,National Institutes of Health,Life Sciences,Neuroscience,707117897.530123
2016,National Institutes of Health,Physical Sciences,Engineering,704185583.2065187
2016,National Institutes of Health,Health Sciences,Health Professions,700894036.4862307
2016,National Institutes of Health,Life Sciences,Immunology and Microbiology,631384137.1432413
2016,National Institutes of Health,Life Sciences,Agricultural and Biological Sciences,623041687.9673247
2016,National Institutes of Health,Physical Sciences,Environmental Science,552751980.9907147
2016,National Institutes of Health,Social Sciences,"Economics, Econometrics and Finance",477944700.8203513
2016,National Institutes of Health,Physical Sciences,Computer Science,402761623.94339055
2016,National Institutes of Health,Physical Sciences,Mathematics,291258307.97479963
2016,National Institutes of Health,Physical Sciences,Earth and Planetary Sciences,288632516.87906116
2016,National Institutes of Health,Health Sciences,Veterinary,283910588.3666745
2016,National Institutes of Health,Social Sciences,Arts and Humanities,281475865.0367242
2016,National Institutes of Health,Social Sciences,"Business, Management and Accounting",220967982.80071533
2016,National Institutes of Health,Social Sciences,Decision Sciences,213974601.9448215
2016,National Institutes of Health,Physical Sciences,Materials Science,134045553.05395551
2016,National Institutes of Health,Physical Sciences,Chemistry,129506707.37011585
2016,National Institutes of Health,Health Sciences,Nursing,95539231.61767356
2016,National Institutes of Health,Life Sciences,"Pharmacology, Toxicology and Pharmaceutics",32306394.495089214
2016,National Institutes of Health,Health Sciences,Dentistry,25976271.478755224
2016,National Institutes of Health,Physical Sciences,Chemical Engineering,6966382.386087759
2016,National Institutes of Health,Physical Sciences,Energy,873643.5569732102
2016,National Science Foundation,Physical Sciences,Physics and Astronomy,902229711.6356591
2016,National Science Foundation,Social Sciences,Social Sciences,811740954.8162597
2016,National Science Foundation,Health Sciences,Medicine,713256326.4761311
2016,National Science Foundation,Physical Sciences,Engineering,583300441.3882638
2016,National Science Foundation,Physical Sciences,Environmental Science,405353842.38415456
2016,National Science Foundation,Life Sciences,Agricultural and Biological Sciences,367936103.80224717
2016,National Science Foundation,Physical Sciences,Computer Science,302860038.1800016
2016,National Science Foundation,Physical Sciences,Earth and Planetary Sciences,260530197.01011074
2016,National Science Foundation,Social Sciences,Psychology,238205023.37347767
2016,National Science Foundation,Life Sciences,"Biochemistry, Genetics and Molecular Biology",236496624.94792542
2016,National Science Foundation,Social Sciences,Arts and Humanities,126506039.57027486
2016,National Science Foundation,Physical Sciences,Mathematics,124467447.64892125
2016,National Science Foundation,Physical Sciences,Materials Science,122667566.10323903
2016,National Science Foundation,Life Sciences,Neuroscience,113308266.3624068
2016,National Science Foundation,Health Sciences,Veterinary,102565889.45940885
2016,National Science Foundation,Health Sciences,Health Professions,100774820.36320093
2016,National Science Foundation,Social Sciences,"Economics, Econometrics and Finance",96001096.94914171
2016,National Science Foundation,Social Sciences,"Business, Management and Accounting",84370217.33928657
2016,National Science Foundation,Social Sciences,Decision Sciences,81023043.040876
2016,National Science Foundation,Life Sciences,Immunology and Microbiology,43939519.85055112
2016,National Science Foundation,Physical Sciences,Chemistry,37777012.38417262
2016,National Science Foundation,Life Sciences,"Pharmacology, Toxicology and Pharmaceutics",8789359.289399931
2016,National Science Foundation,Health Sciences,Nursing,8591366.29081215
2016,National Science Foundation,Health Sciences,Dentistry,8006748.670238509
2016,National Science Foundation,Physical Sciences,Chemical Engineering,5391082.17368889
2016,National Science Foundation,Physical Sciences,Energy,559968.4901497011
2017,National Institutes of Health,Health Sciences,Medicine,8440472701.120032
2017,National Institutes of Health,Social Sciences,Social Sciences,2643701624.6552515
2017,National Institutes of Health,Life Sciences,"Biochemistry, Genetics and Molecular Biology",2474988136.21127
2017,National Institutes of Health,Physical Sciences,Physics and Astronomy,1264875140.0832229
2017,National Institutes of Health,Social Sciences,Psychology,906888143.0398455
2017,National Institutes of Health,Life Sciences,Neuroscience,761397006.2026166
2017,National Institutes of Health,Physical Sciences,Engineering,744242519.4257326
2017,National Institutes of Health,Health Sciences,Health Professions,725471283.1338228
2017,National Institutes of Health,Life Sciences,Agricultural and Biological Sciences,680074580.233928
2017,National Institutes of Health,Life Sciences,Immunology and Microbiology,655535878.479684
2017,National Institutes of Health,Physical Sciences,Environmental Science,582507780.8492059
2017,National Institutes of Health,Social Sciences,"Economics, Econometrics and Finance",513472628.1128172
2017,National Institutes of Health,Physical Sciences,Computer Science,435156608.8336218
2017,National Institutes of Health,Social Sciences,Arts and Humanities,317933023.5101343
2017,National Institutes of Health,Health Sciences,Veterinary,311927652.6983678
2017,National Institutes of Health,Physical Sciences,Mathematics,304464232.71435595
2017,National Institutes of Health,Physical Sciences,Earth and Planetary Sciences,301164430.9533228
2017,National Institutes of Health,Social Sciences,"Business, Management and Accounting",236738697.8159347
2017,National Institutes of Health,Social Sciences,Decision Sciences,232977668.36906254
2017,National Institutes of Health,Physical Sciences,Materials Science,133147803.93931298
2017,National Institutes of Health,Physical Sciences,Chemistry,111944672.31973536
2017,National Institutes of Health,Health Sciences,Nursing,97289298.43127346
2017,National Institutes of Health,Life Sciences,"Pharmacology, Toxicology and Pharmaceutics",30946738.891455933
2017,National Institutes of Health,Health Sciences,Dentistry,25308478.69779617
2017,National Institutes of Health,Physical Sciences,Chemical Engineering,6951446.210466003
2017,National Institutes of Health,Physical Sciences,Energy,787209.0677355531
2017,National Science Foundation,Physical Sciences,Physics and Astronomy,866961492.258532
2017,National Science Foundation,Social Sciences,Social Sciences,793382932.1856699
2017,National Science Foundation,Health Sciences,Medicine,700281600.6274223
2017,National Science Foundation,Physical Sciences,Engineering,576959420.2810776
2017,National Science Foundation,Physical Sciences,Environmental Science,439998542.6334763
2017,National Science Foundation,Life Sciences,Agricultural and Biological Sciences,379278716.543967
2017,National Science Foundation,Physical Sciences,Computer Science,299465790.9528294
2017,National Science Foundation,Physical Sciences,Earth and Planetary Sciences,272532712.5084692
2017,National Science Foundation,Social Sciences,Psychology,239858817.46635407
2017,National Science Foundation,Life Sciences,"Biochemistry, Genetics and Molecular Biology",238740382.99503896
2017,National Science Foundation,Physical Sciences,Mathematics,124733750.90587348
2017,National Science Foundation,Social Sciences,Arts and Humanities,123261987.24303165
2017,National Science Foundation,Life Sciences,Neuroscience,112549513.94675109
2017,National Science Foundation,Physical Sciences,Materials Science,107417592.15950216
2017,National Science Foundation,Health Sciences,Veterinary,102805145.5027505
2017,National Science Foundation,Health Sciences,Health Professions,100706577.72232407
2017,National Science Foundation,Social Sciences,"Economics, Econometrics and Finance",95371221.60277407
2017,National Science Foundation,Social Sciences,Decision Sciences,83565561.83524726
2017,National Science Foundation,Social Sciences,"Business, Management and Accounting",83293159.03993262
2017,National Science Foundation,Life Sciences,Immunology and Microbiology,41275529.36829604
2017,National Science Foundation,Physical Sciences,Chemistry,30837439.243336834
2017,National Science Foundation,Life Sciences,"Pharmacology, Toxicology and Pharmaceutics",16223377.508928254
2017,National Science Foundation,Health Sciences,Nursing,7821502.517339163
2017,National Science Foundation,Physical Sciences,Chemical Engineering,3459628.668897292
2017,National Science Foundation,Health Sciences,Dentistry,3355150.964284791
2017,National Science Foundation,Physical Sciences,Energy,556962.3178941715
2018,National Institutes of Health,Health Sciences,Medicine,9100054853.85597
2018,National Institutes of Health,Social Sciences,Social Sciences,2852833419.1260467
2018,National Institutes of Health,Life Sciences,"Biochemistry, Genetics and Molecular Biology",2641238319.823488
2018,National Institutes of Health,Physical Sciences,Physics and Astronomy,1413563611.5306327
2018,National Institutes of Health,Social Sciences,Psychology,990213548.8222879
2018,National Institutes of Health,Life Sciences,Neuroscience,825710413.728535
2018,National Institutes of Health,Physical Sciences,Engineering,825235983.2554643
2018,National Institutes of Health,Health Sciences,Health Professions,789981716.3508174
2018,National Institutes of Health,Life Sciences,Agricultural and Biological Sciences,745847312.159582
2018,National Institutes of Health,Life Sciences,Immunology and Microbiology,702320314.2250683
2018,National Institutes of Health,Physical Sciences,Environmental Science,652991943.8788993
2018,National Institutes of Health,Social Sciences,"Economics, Econometrics and Finance",556925617.784116
2018,National Institutes of Health,Physical Sciences,Computer Science,483230258.0887692
2018,National Institutes of Health,Physical Sciences,Earth and Planetary Sciences,339391457.9726587
2018,National Institutes of Health,Health Sciences,Veterinary,336231962.5149255
2018,National Institutes of Health,Physical Sciences,Mathematics,332805129.73298454
2018,National Institutes of Health,Social Sciences,Arts and Humanities,313285700.8685903
2018,National Institutes of Health,Social Sciences,Decision Sciences,259270102.65144083
2018,National Institutes of Health,Social Sciences,"Business, Management and Accounting",258782553.4749092
2018,National Institutes of Health,Physical Sciences,Materials Science,148739484.82295784
2018,National Institutes of Health,Physical Sciences,Chemistry,132013022.69141214
2018,National Institutes of Health,Health Sciences,Nursing,102632823.45359255
2018,National Institutes of Health,Life Sciences,"Pharmacology, Toxicology and Pharmaceutics",32794663.23067236
2018,National Institutes of Health,Health Sciences,Dentistry,30856150.23962623
2018,National Institutes of Health,Physical Sciences,Chemical Engineering,7860973.864033023
2018,National Institutes of Health,Physical Sciences,Energy,1279317.8525135238
2018,National Science Foundation,Physical Sciences,Physics and Astronomy,954308618.6289308
2018,National Science Foundation,Social Sciences,Social Sciences,851893787.437494
2018,National Science Foundation,Health Sciences,Medicine,720294214.0436937
2018,National Science Foundation,Physical Sciences,Engineering,622385363.9690776
2018,National Science Foundation,Physical Sciences,Environmental Science,443424281.70218223
2018,National Science Foundation,Life Sciences,Agricultural and Biological Sciences,373646320.673985
2018,National Science Foundation,Physical Sciences,Earth and Planetary Sciences,306380369.79595023
2018,National Science Foundation,Physical Sciences,Computer Science,290201672.6173372
2018,National Science Foundation,Life Sciences,"Biochemistry, Genetics and Molecular Biology",256141898.1349497
2018,National Science Foundation,Social Sciences,Psychology,244213163.7815757
2018,National Science Foundation,Social Sciences,Arts and Humanities,130645132.83345447
2018,National Science Foundation,Physical Sciences,Mathematics,121240326.92590894
2018,National Science Foundation,Life Sciences,Neuroscience,116772290.80302767
2018,National Science Foundation,Physical Sciences,Materials Science,116039583.58578886
2018,National Science Foundation,Health Sciences,Health Professions,102925914.12062314
2018,National Science Foundation,Health Sciences,Veterinary,102890576.41078854
2018,National Science Foundation,Social Sciences,"Economics, Econometrics and Finance",101930473.34972261
2018,National Science Foundation,Social Sciences,"Business, Management and Accounting",91481374.18130916
2018,National Science Foundation,Social Sciences,Decision Sciences,84599185.2175393
2018,National Science Foundation,Life Sciences,Immunology and Microbiology,43694287.59611067
2018,National Science Foundation,Physical Sciences,Chemistry,33158951.970750123
2018,National Science Foundation,Life Sciences,"Pharmacology, Toxicology and Pharmaceutics",13969704.606581066
2018,National Science Foundation,Health Sciences,Nursing,8929924.125361826
2018,National Science Foundation,Health Sciences,Dentistry,6060247.007381244
2018,National Science Foundation,Physical Sciences,Chemical Engineering,4323652.491434279
2018,National Science Foundation,Physical Sciences,Energy,661147.9890414118
2019,National Institutes of Health,Health Sciences,Medicine,9770853686.715288
2019,National Institutes of Health,Social Sciences,Social Sciences,3139061173.2340817
2019,National Institutes of Health,Life Sciences,"Biochemistry, Genetics and Molecular Biology",2823142278.6463895
2019,National Institutes of Health,Physical Sciences,Physics and Astronomy,1505634906.5901692
2019,National Institutes of Health,Social Sciences,Psychology,1071120441.8903258
2019,National Institutes of Health,Life Sciences,Neuroscience,893109818.6897569
2019,National Institutes of Health,Physical Sciences,Engineering,878308952.3541138
2019,National Institutes of Health,Health Sciences,Health Professions,857837598.8275847
2019,National Institutes of Health,Life Sciences,Agricultural and Biological Sciences,806087925.0158069
2019,National Institutes of Health,Life Sciences,Immunology and Microbiology,736865213.773765
2019,National Institutes of Health,Physical Sciences,Environmental Science,696062236.5884113
2019,National Institutes of Health,Social Sciences,"Economics, Econometrics and Finance",609182786.260373
2019,National Institutes of Health,Physical Sciences,Computer Science,535961913.10027903
2019,National Institutes of Health,Health Sciences,Veterinary,378115130.18858397
2019,National Institutes of Health,Physical Sciences,Mathematics,368314727.40413535
2019,National Institutes of Health,Physical Sciences,Earth and Planetary Sciences,364954238.7797056
2019,National Institutes of Health,Social Sciences,Arts and Humanities,356677449.11409384
2019,National Institutes of Health,Social Sciences,"Business, Management and Accounting",294696363.91582143
2019,National Institutes of Health,Social Sciences,Decision Sciences,275589091.02978444
2019,National Institutes of Health,Physical Sciences,Materials Science,158214643.06329885
2019,National Institutes of Health,Physical Sciences,Chemistry,132389754.60209458
2019,National Institutes of Health,Health Sciences,Nursing,107379339.7875508
2019,National Institutes of Health,Life Sciences,"Pharmacology, Toxicology and Pharmaceutics",36568276.411034584
2019,National Institutes of Health,Health Sciences,Dentistry,31535004.469261333
2019,National Institutes of Health,Physical Sciences,Chemical Engineering,7938600.392063953
2019,National Institutes of Health,Physical Sciences,Energy,1412209.1562222268
2019,National Science Foundation,Physical Sciences,Physics and Astronomy,970155037.8331431
2019,National Science Foundation,Social Sciences,Social Sciences,862565990.6685543
2019,National Science Foundation,Health Sciences,Medicine,735639397.8867955
2019,National Science Foundation,Physical Sciences,Engineering,648678482.4877316
2019,National Science Foundation,Physical Sciences,Environmental Science,484878071.2385417
2019,National Science Foundation,Life Sciences,Agricultural and Biological Sciences,389364080.4380849
2019,National Science Foundation,Physical Sciences,Earth and Planetary Sciences,338303851.27309793
2019,National Science Foundation,Physical Sciences,Computer Science,313295252.47765297
2019,National Science Foundation,Social Sciences,Psychology,254662270.75666517
2019,National Science Foundation,Life Sciences,"Biochemistry, Genetics and Molecular Biology",254629904.13302645
2019,National Science Foundation,Social Sciences,Arts and Humanities,138039051.43749282
2019,National Science Foundation,Physical Sciences,Mathematics,126592491.01124598
2019,National Science Foundation,Life Sciences,Neuroscience,123994036.46822251
2019,National Science Foundation,Physical Sciences,Materials Science,119189381.11922513
2019,National Science Foundation,Social Sciences,"Economics, Econometrics and Finance",110361808.85050179
2019,National Science Foundation,Health Sciences,Health Professions,106684386.43679513
2019,National Science Foundation,Health Sciences,Veterinary,106460393.54201518
2019,National Science Foundation,Social Sciences,"Business, Management and Accounting",94262521.9338852
2019,National Science Foundation,Social Sciences,Decision Sciences,93033483.45689909
2019,National Science Foundation,Life Sciences,Immunology and Microbiology,43508981.77891554
2019,National Science Foundation,Physical Sciences,Chemistry,33183071.684327524
2019,National Science Foundation,Life Sciences,"Pharmacology, Toxicology and Pharmaceutics",15614903.919283569
2019,National Science Foundation,Health Sciences,Nursing,7627356.949880485
2019,National Science Foundation,Physical Sciences,Chemical Engineering,4739209.929466952
2019,National Science Foundation,Health Sciences,Dentistry,3048166.2731347485
2019,National Science Foundation,Physical Sciences,Energy,419974.015415267
2020,National Institutes of Health,Health Sciences,Medicine,10999482715.909317
2020,National Institutes of Health,Social Sciences,Social Sciences,3414175851.1295795
2020,National Institutes of Health,Life Sciences,"Biochemistry, Genetics and Molecular Biology",3144449766.792378
2020,National Institutes of Health,Physical Sciences,Physics and Astronomy,1654331886.1170752
2020,National Institutes of Health,Social Sciences,Psychology,1173186552.6586628
2020,National Institutes of Health,Physical Sciences,Engineering,966534907.4704572
2020,National Institutes of Health,Life Sciences,Neuroscience,965970263.6696318
2020,National Institutes of Health,Health Sciences,Health Professions,941218241.2219421
2020,National Institutes of Health,Life Sciences,Agricultural and Biological Sciences,853346760.8690125
2020,National Institutes of Health,Life Sciences,Immunology and Microbiology,840196977.441968
2020,National Institutes of Health,Physical Sciences,Environmental Science,758780893.4743369
2020,National Institutes of Health,Social Sciences,"Economics, Econometrics and Finance",669823299.1007788
2020,National Institutes of Health,Physical Sciences,Computer Science,556460181.5908357
2020,National Institutes of Health,Health Sciences,Veterinary,398907220.7129989
2020,National Institutes of Health,Physical Sciences,Mathematics,394043735.79464656
2020,National Institutes of Health,Social Sciences,Arts and Humanities,388907379.6610966
2020,National Institutes of Health,Physical Sciences,Earth and Planetary Sciences,381600749.97562355
2020,National Institutes of Health,Social Sciences,"Business, Management and Accounting",307904212.2349635
2020,National Institutes of Health,Social Sciences,Decision Sciences,302005590.9978901
2020,National Institutes of Health,Physical Sciences,Materials Science,179933865.68832096
2020,National Institutes of Health,Physical Sciences,Chemistry,134625411.21046594
2020,National Institutes of Health,Health Sciences,Nursing,124856467.64205664
2020,National Institutes of Health,Life Sciences,"Pharmacology, Toxicology and Pharmaceutics",40678749.28133605
2020,National Institutes of Health,Health Sciences,Dentistry,34992009.1563162
2020,National Institutes of Health,Physical Sciences,Chemical Engineering,10160406.646017479
2020,National Institutes of Health,Physical Sciences,Energy,2343264.5522913826
2020,National Science Foundation,Physical Sciences,Physics and Astronomy,956559772.3978786
2020,National Science Foundation,Social Sciences,Social Sciences,910774451.7444263
2020,National Science Foundation,Health Sciences,Medicine,779074033.5016011
2020,National Science Foundation,Physical Sciences,Engineering,625772240.0440146
2020,National Science Foundation,Physical Sciences,Environmental Science,449525264.9997875
2020,National Science Foundation,Life Sciences,Agricultural and Biological Sciences,391472099.6130694
2020,National Science Foundation,Physical Sciences,Earth and Planetary Sciences,321629048.32451653
2020,National Science Foundation,Physical Sciences,Computer Science,314861313.27073306
2020,National Science Foundation,Social Sciences,Psychology,267581979.08109328
2020,National Science Foundation,Life Sciences,"Biochemistry, Genetics and Molecular Biology",265682618.61297888
2020,National Science Foundation,Social Sciences,Arts and Humanities,143616383.81890628
2020,National Science Foundation,Physical Sciences,Mathematics,136781680.56455556
2020,National Science Foundation,Life Sciences,Neuroscience,123948216.6320384
2020,National Science Foundation,Health Sciences,Veterinary,113870063.10811862
2020,National Science Foundation,Physical Sciences,Materials Science,111361887.05058192
2020,National Science Foundation,Health Sciences,Health Professions,110035012.68033019
2020,National Science Foundation,Social Sciences,"Economics, Econometrics and Finance",109163275.8429691
2020,National Science Foundation,Social Sciences,"Business, Management and Accounting",98677270.5233457
2020,National Science Foundation,Social Sciences,Decision Sciences,91350070.79341166
2020,National Science Foundation,Life Sciences,Immunology and Microbiology,46661507.318689734
2020,National Science Foundation,Physical Sciences,Chemistry,32845088.570127953
2020,National Science Foundation,Life Sciences,"Pharmacology, Toxicology and Pharmaceutics",11136123.033413496
2020,National Science Foundation,Health Sciences,Nursing,8933434.466984369
2020,National Science Foundation,Health Sciences,Dentistry,5722388.594530986
2020,National Science Foundation,Physical Sciences,Chemical Engineering,5401835.961029557
2020,National Science Foundation,Physical Sciences,Energy,633769.4508679864
2021,National Institutes of Health,Health Sciences,Medicine,10656947702.762957
2021,National Institutes of Health,Social Sciences,Social Sciences,3386455411.662762
2021,National Institutes of Health,Life Sciences,"Biochemistry, Genetics and Molecular Biology",3025298915.4280334
2021,National Institutes of Health,Physical Sciences,Physics and Astronomy,1685607480.2704003
2021,National Institutes of Health,Social Sciences,Psychology,1178167219.4122653
2021,National Institutes of Health,Physical Sciences,Engineering,977809279.3698018
2021,National Institutes of Health,Life Sciences,Neuroscience,960890277.3935528
2021,National Institutes of Health,Health Sciences,Health Professions,912560800.8974555
2021,National Institutes of Health,Life Sciences,Agricultural and Biological Sciences,890660583.9625313
2021,National Institutes of Health,Life Sciences,Immunology and Microbiology,796449684.0562029
2021,National Institutes of Health,Physical Sciences,Environmental Science,770955072.1080018
2021,National Institutes of Health,Social Sciences,"Economics, Econometrics and Finance",661167278.8694654
2021,National Institutes of Health,Physical Sciences,Computer Science,567785617.569939
2021,National Institutes of Health,Health Sciences,Veterinary,413527766.1083377
2021,National Institutes of Health,Physical Sciences,Mathematics,403832384.1796868
2021,National Institutes of Health,Social Sciences,Arts and Humanities,383290787.3246251
2021,National Institutes of Health,Physical Sciences,Earth and Planetary Sciences,379175867.44371086
2021,National Institutes of Health,Social Sciences,Decision Sciences,311768889.36543757
2021,National Institutes of Health,Social Sciences,"Business, Management and Accounting",309706549.48172385
2021,National Institutes of Health,Physical Sciences,Materials Science,179637779.5669675
2021,National Institutes of Health,Physical Sciences,Chemistry,139688291.88058582
2021,National Institutes of Health,Health Sciences,Nursing,120236238.25734851
2021,National Institutes of Health,Life Sciences,"Pharmacology, Toxicology and Pharmaceutics",39313255.91929598
2021,National Institutes of Health,Health Sciences,Dentistry,36013234.07836671
2021,National Institutes of Health,Physical Sciences,Chemical Engineering,11000941.005741544
2021,National Institutes of Health,Physical Sciences,Energy,2593506.1548006665
2021,National Science Foundation,Physical Sciences,Physics and Astronomy,983363395.8070344
2021,National Science Foundation,Social Sciences,Social Sciences,940516098.368603
2021,National Science Foundation,Health Sciences,Medicine,799643833.3477442
2021,National Science Foundation,Physical Sciences,Engineering,693260307.3967493
2021,National Science Foundation,Physical Sciences,Environmental Science,469109770.099823
2021,National Science Foundation,Life Sciences,Agricultural and Biological Sciences,405391748.6540661
2021,National Science Foundation,Physical Sciences,Earth and Planetary Sciences,351682723.3492102
2021,National Science Foundation,Physical Sciences,Computer Science,331856779.4557389
2021,National Science Foundation,Life Sciences,"Biochemistry, Genetics and Molecular Biology",293284812.61310977
2021,National Science Foundation,Social Sciences,Psychology,277563859.1640082
2021,National Science Foundation,Social Sciences,Arts and Humanities,148825262.9600382
2021,National Science Foundation,Physical Sciences,Mathematics,139641938.17275175
2021,National Science Foundation,Life Sciences,Neuroscience,136295404.58743545
2021,National Science Foundation,Physical Sciences,Materials Science,120782405.54470362
2021,National Science Foundation,Health Sciences,Health Professions,112568968.49776432
2021,National Science Foundation,Health Sciences,Veterinary,110627127.12816037
2021,National Science Foundation,Social Sciences,"Economics, Econometrics and Finance",109385341.77744004
2021,National Science Foundation,Social Sciences,"Business, Management and Accounting",97300392.83533576
2021,National Science Foundation,Social Sciences,Decision Sciences,93621247.90652025
2021,National Science Foundation,Life Sciences,Immunology and Microbiology,51357887.78402857
2021,National Science Foundation,Physical Sciences,Chemistry,33490574.10913503
2021,National Science Foundation,Life Sciences,"Pharmacology, Toxicology and Pharmaceutics",11165508.989489557
2021,National Science Foundation,Health Sciences,Nursing,8282909.255736229
2021,National Science Foundation,Health Sciences,Dentistry,7760543.931712051
2021,National Science Foundation,Physical Sciences,Chemical Engineering,5258178.402367167
2021,National Science Foundation,Physical Sciences,Energy,825270.8612938914
2022,National Institutes of Health,Health Sciences,Medicine,11496715523.01145
2022,National Institutes of Health,Social Sciences,Social Sciences,3577610977.836206
2022,National Institutes of Health,Life Sciences,"Biochemistry, Genetics and Molecular Biology",3306808089.5723414
2022,National Institutes of Health,Physical Sciences,Physics and Astronomy,1720850263.5308533
2022,National Institutes of Health,Social Sciences,Psychology,1263202398.5150568
2022,National Institutes of Health,Life Sciences,Neuroscience,1047343855.5712466
2022,National Institutes of Health,Physical Sciences,Engineering,1025167896.7330343
2022,National Institutes of Health,Health Sciences,Health Professions,980207606.4477005
2022,National Institutes of Health,Life Sciences,Agricultural and Biological Sciences,966757468.9386182
2022,National Institutes of Health,Life Sciences,Immunology and Microbiology,851574850.4823229
2022,National Institutes of Health,Physical Sciences,Environmental Science,832451948.4068093
2022,National Institutes of Health,Social Sciences,"Economics, Econometrics and Finance",696179094.7576299
2022,National Institutes of Health,Physical Sciences,Computer Science,608615076.2831889
2022,National Institutes of Health,Health Sciences,Veterinary,436221523.99385744
2022,National Institutes of Health,Physical Sciences,Mathematics,425706207.5051939
2022,National Institutes of Health,Physical Sciences,Earth and Planetary Sciences,410944148.9569695
2022,National Institutes of Health,Social Sciences,Arts and Humanities,405240842.54947615
2022,National Institutes of Health,Social Sciences,"Business, Management and Accounting",324547523.6740476
2022,National Institutes of Health,Social Sciences,Decision Sciences,320674406.02385134
2022,National Institutes of Health,Physical Sciences,Materials Science,195484767.8879662
2022,National Institutes of Health,Physical Sciences,Chemistry,162094092.2650514
2022,National Institutes of Health,Health Sciences,Nursing,122401012.91515584
2022,National Institutes of Health,Life Sciences,"Pharmacology, Toxicology and Pharmaceutics",46882033.69600975
2022,National Institutes of Health,Health Sciences,Dentistry,37643447.11729301
2022,National Institutes of Health,Physical Sciences,Chemical Engineering,10611039.374599844
2022,National Institutes of Health,Physical Sciences,Energy,2219045.7640704866
2022,National Science Foundation,Physical Sciences,Physics and Astronomy,1035580033.9025376
2022,National Science Foundation,Social Sciences,Social Sciences,978219184.7434344
2022,National Science Foundation,Health Sciences,Medicine,821838223.5352776
2022,National Science Foundation,Physical Sciences,Engineering,711453132.1276572
2022,National Science Foundation,Physical Sciences,Environmental Science,496442818.9536353
2022,National Science Foundation,Life Sciences,Agricultural and Biological Sciences,432999123.00897217
2022,National Science Foundation,Physical Sciences,Earth and Planetary Sciences,347619053.85880274
2022,National Science Foundation,Physical Sciences,Computer Science,335644362.4846848
2022,National Science Foundation,Life Sciences,"Biochemistry, Genetics and Molecular Biology",296631227.63674223
2022,National Science Foundation,Social Sciences,Psychology,289485875.9501376
2022,National Science Foundation,Social Sciences,Arts and Humanities,158053619.37687033
2022,National Science Foundation,Physical Sciences,Mathematics,141895006.09533143
2022,National Science Foundation,Life Sciences,Neuroscience,138301235.95164752
2022,National Science Foundation,Physical Sciences,Materials Science,128839826.6349406
2022,National Science Foundation,Health Sciences,Veterinary,121249126.09677187
2022,National Science Foundation,Health Sciences,Health Professions,114010450.34382734
2022,National Science Foundation,Social Sciences,"Economics, Econometrics and Finance",112854096.48595856
2022,National Science Foundation,Social Sciences,"Business, Management and Accounting",102251216.85752173
2022,National Science Foundation,Social Sciences,Decision Sciences,92715885.59110357
2022,National Science Foundation,Life Sciences,Immunology and Microbiology,52762939.56254491
2022,National Science Foundation,Physical Sciences,Chemistry,34849581.259179324
2022,National Science Foundation,Life Sciences,"Pharmacology, Toxicology and Pharmaceutics",12431331.357536692
2022,National Science Foundation,Health Sciences,Nursing,8421339.951029513
2022,National Science Foundation,Physical Sciences,Chemical Engineering,5649540.846978368
2022,National Science Foundation,Health Sciences,Dentistry,5484282.857810353
2022,National Science Foundation,Physical Sciences,Energy,1044902.5290666379
2023,National Institutes of Health,Health Sciences,Medicine,11317907927.392677
2023,National Institutes of Health,Social Sciences,Social Sciences,3721678879.775756
2023,National Institutes of Health,Life Sciences,"Biochemistry, Genetics and Molecular Biology",3240444391.7909517
2023,National Institutes of Health,Physical Sciences,Physics and Astronomy,1832067432.7389996
2023,National Institutes of Health,Social Sciences,Psychology,1283824231.409064
2023,National Institutes of Health,Physical Sciences,Engineering,1069457849.1426305
2023,National Institutes of Health,Life Sciences,Neuroscience,1051790834.0883029
2023,National Institutes of Health,Life Sciences,Agricultural and Biological Sciences,1001308283.2982833
2023,National Institutes of Health,Health Sciences,Health Professions,970761089.1050392
2023,National Institutes of Health,Physical Sciences,Environmental Science,852103503.0672017
2023,National Institutes of Health,Life Sciences,Immunology and Microbiology,811165836.8263974
2023,National Institutes of Health,Social Sciences,"Economics, Econometrics and Finance",710963539.573739
2023,National Institutes of Health,Physical Sciences,Computer Science,627644480.2214545
2023,National Institutes of Health,Health Sciences,Veterinary,452680754.89250636
2023,National Institutes of Health,Physical Sciences,Mathematics,442073903.2557508
2023,National Institutes of Health,Social Sciences,Arts and Humanities,425396057.6348722
2023,National Institutes of Health,Physical Sciences,Earth and Planetary Sciences,413466815.6225407
2023,National Institutes of Health,Social Sciences,"Business, Management and Accounting",344246204.2512203
2023,National Institutes of Health,Social Sciences,Decision Sciences,331013072.20229733
2023,National Institutes of Health,Physical Sciences,Materials Science,209328526.51560062
2023,National Institutes of Health,Physical Sciences,Chemistry,127402234.02511644
2023,National Institutes of Health,Health Sciences,Nursing,122245260.49087326
2023,National Institutes of Health,Life Sciences,"Pharmacology, Toxicology and Pharmaceutics",48014627.89052133
2023,National Institutes of Health,Health Sciences,Dentistry,41608804.38844195
2023,National Institutes of Health,Physical Sciences,Chemical Engineering,10828753.914950991
2023,National Institutes of Health,Physical Sciences,Energy,2335177.9948013015
2023,National Science Foundation,Social Sciences,Social Sciences,1058844590.8949051
2023,National Science Foundation,Physical Sciences,Physics and Astronomy,1055069771.6409073
2023,National Science Foundation,Health Sciences,Medicine,849300509.3322256
2023,National Science Foundation,Physical Sciences,Engineering,737187427.8919624
2023,National Science Foundation,Physical Sciences,Environmental Science,506255153.3338496
2023,National Science Foundation,Life Sciences,Agricultural and Biological Sciences,435755001.90642226
2023,National Science Foundation,Physical Sciences,Earth and Planetary Sciences,371043582.2455423
2023,National Science Foundation,Physical Sciences,Computer Science,346418453.2024631
2023,National Science Foundation,Social Sciences,Psychology,312071002.90422064
2023,National Science Foundation,Life Sciences,"Biochemistry, Genetics and Molecular Biology",290884589.6889169
2023,National Science Foundation,Social Sciences,Arts and Humanities,160587298.96574152
2023,National Science Foundation,Physical Sciences,Mathematics,150056563.2623668
2023,National Science Foundation,Life Sciences,Neuroscience,134097568.36774038
2023,National Science Foundation,Physical Sciences,Materials Science,128240033.98124726
2023,National Science Foundation,Health Sciences,Veterinary,125097673.3255183
2023,National Science Foundation,Social Sciences,"Economics, Econometrics and Finance",124193557.99910268
2023,National Science Foundation,Health Sciences,Health Professions,121341100.97784162
2023,National Science Foundation,Social Sciences,"Business, Management and Accounting",108525710.04708138
2023,National Science Foundation,Social Sciences,Decision Sciences,94997354.20456679
2023,National Science Foundation,Life Sciences,Immunology and Microbiology,53067350.57239787
2023,National Science Foundation,Physical Sciences,Chemistry,39046773.07273152
2023,National Science Foundation,Life Sciences,"Pharmacology, Toxicology and Pharmaceutics",11014816.982244857
2023,National Science Foundation,Health Sciences,Nursing,9052399.425659364
2023,National Science Foundation,Health Sciences,Dentistry,7189869.5922276
2023,National Science Foundation,Physical Sciences,Chemical Engineering,6688013.402404366
2023,National Science Foundation,Physical Sciences,Energy,938150.7797124513
2024,National Institutes of Health,Health Sciences,Medicine,11216416071.650042
2024,National Institutes of Health,Social Sciences,Social Sciences,3702074935.8504314
2024,National Institutes of Health,Life Sciences,"Biochemistry, Genetics and Molecular Biology",3244883952.7798142
2024,National Institutes of Health,Physical Sciences,Physics and Astronomy,1809643644.7181127
2024,National Institutes of Health,Social Sciences,Psychology,1242262604.325158
2024,National Institutes of Health,Physical Sciences,Engineering,1067079352.397855
2024,National Institutes of Health,Life Sciences,Neuroscience,1029732490.6522876
2024,National Institutes of Health,Health Sciences,Health Professions,979674768.5213497
2024,National Institutes of Health,Life Sciences,Agricultural and Biological Sciences,974408479.0672042
2024,National Institutes of Health,Physical Sciences,Environmental Science,843921264.3258023
2024,National Institutes of Health,Life Sciences,Immunology and Microbiology,827142226.7884219
2024,National Institutes of Health,Social Sciences,"Economics, Econometrics and Finance",707954985.2035724
2024,National Institutes of Health,Physical Sciences,Computer Science,632800398.202331
2024,National Institutes of Health,Health Sciences,Veterinary,449801561.0163551
2024,National Institutes of Health,Physical Sciences,Earth and Planetary Sciences,427132865.3955157
2024,National Institutes of Health,Physical Sciences,Mathematics,424085530.4828515
2024,National Institutes of Health,Social Sciences,Arts and Humanities,409325988.6155895
2024,National Institutes of Health,Social Sciences,"Business, Management and Accounting",339362776.0799043
2024,National Institutes of Health,Social Sciences,Decision Sciences,320083565.6569566
2024,National Institutes of Health,Physical Sciences,Materials Science,202037573.3848342
2024,National Institutes of Health,Health Sciences,Nursing,124287093.62045962
2024,National Institutes of Health,Physical Sciences,Chemistry,119689209.39674681
2024,National Institutes of Health,Life Sciences,"Pharmacology, Toxicology and Pharmaceutics",45173498.69202788
2024,National Institutes of Health,Health Sciences,Dentistry,40680738.970303915
2024,National Institutes of Health,Physical Sciences,Chemical Engineering,10581976.056090457
2024,National Institutes of Health,Physical Sciences,Energy,2001994.5799767675
2024,National Science Foundation,Social Sciences,Social Sciences,988963119.1176685
2024,National Science Foundation,Physical Sciences,Physics and Astronomy,970486678.035937
2024,National Science Foundation,Health Sciences,Medicine,793653691.4113994
2024,National Science Foundation,Physical Sciences,Engineering,711646973.6267122
2024,National Science Foundation,Physical Sciences,Environmental Science,486468192.6148406
2024,National Science Foundation,Life Sciences,Agricultural and Biological Sciences,437251618.4976144
2024,National Science Foundation,Physical Sciences,Earth and Planetary Sciences,358202066.410635
2024,National Science Foundation,Physical Sciences,Computer Science,326459047.1295887
2024,National Science Foundation,Life Sciences,"Biochemistry, Genetics and Molecular Biology",282898743.66247994
2024,National Science Foundation,Social Sciences,Psychology,276007279.98953825
2024,National Science Foundation,Social Sciences,Arts and Humanities,152581826.81575876
2024,National Science Foundation,Physical Sciences,Mathematics,137759224.83451447
2024,National Science Foundation,Physical Sciences,Materials Science,128704812.1877858
2024,National Science Foundation,Life Sciences,Neuroscience,125581105.69308469
2024,National Science Foundation,Social Sciences,"Economics, Econometrics and Finance",123995021.8632105
2024,National Science Foundation,Health Sciences,Veterinary,119185369.79184997
2024,National Science Foundation,Health Sciences,Health Professions,109483309.82707967
2024,National Science Foundation,Social Sciences,"Business, Management and Accounting",101142321.39763674
2024,National Science Foundation,Social Sciences,Decision Sciences,93789373.31370443
2024,National Science Foundation,Life Sciences,Immunology and Microbiology,48575725.00351493
2024,National Science Foundation,Physical Sciences,Chemistry,35534158.95734397
2024,National Science Foundation,Health Sciences,Nursing,9797008.05432681
2024,National Science Foundation,Life Sciences,"Pharmacology, Toxicology and Pharmaceutics",8341985.466351191
2024,National Science Foundation,Physical Sciences,Chemical Engineering,5667468.911636528
2024,National Science Foundation,Health Sciences,Dentistry,4053395.997503041
2024,National Science Foundation,Physical Sciences,Energy,973925.3882831782
2025,National Institutes of Health,Health Sciences,Medicine,11372390578.335093
2025,National Institutes of Health,Social Sciences,Social Sciences,3723735685.2503376
2025,National Institutes of Health,Life Sciences,"Biochemistry, Genetics and Molecular Biology",3318088583.9634113
2025,National Institutes of Health,Physical Sciences,Physics and Astronomy,1857363015.657401
2025,National Institutes of Health,Social Sciences,Psychology,1246478248.2313478
2025,National Institutes of Health,Physical Sciences,Engineering,1091456516.2633646
2025,National Institutes of Health,Life Sciences,Neuroscience,1048279850.8016988
2025,National Institutes of Health,Life Sciences,Agricultural and Biological Sciences,976881506.8079302
2025,National Institutes of Health,Health Sciences,Health Professions,947830320.1353467
2025,National Institutes of Health,Physical Sciences,Environmental Science,857884875.3659698
2025,National Institutes of Health,Life Sciences,Immunology and Microbiology,803297075.9861807
2025,National Institutes of Health,Social Sciences,"Economics, Econometrics and Finance",730526588.1695161
2025,National Institutes of Health,Physical Sciences,Computer Science,639532522.5924326
2025,National Institutes of Health,Health Sciences,Veterinary,464416665.7094617
2025,National Institutes of Health,Physical Sciences,Earth and Planetary Sciences,431480657.39062417
2025,National Institutes of Health,Physical Sciences,Mathematics,430033775.9093381
2025,National Institutes of Health,Social Sciences,Arts and Humanities,428355211.6691642
2025,National Institutes of Health,Social Sciences,"Business, Management and Accounting",348469443.4639607
2025,National Institutes of Health,Social Sciences,Decision Sciences,332298507.6360747
2025,National Institutes of Health,Physical Sciences,Materials Science,204581598.178939
2025,National Institutes of Health,Physical Sciences,Chemistry,124947751.1101231
2025,National Institutes of Health,Health Sciences,Nursing,118666011.00224856
2025,National Institutes of Health,Life Sciences,"Pharmacology, Toxicology and Pharmaceutics",42894739.99592345
2025,National Institutes of Health,Health Sciences,Dentistry,38498969.51620722
2025,National Institutes of Health,Physical Sciences,Chemical Engineering,10635251.825790362
2025,National Institutes of Health,Physical Sciences,Energy,1889406.362122197
2025,National Science Foundation,Physical Sciences,Physics and Astronomy,1036094093.0085918
2025,National Science Foundation,Social Sciences,Social Sciences,963247417.4619013
2025,National Science Foundation,Health Sciences,Medicine,778202319.7271335
2025,National Science Foundation,Physical Sciences,Engineering,750745429.6742493
2025,National Science Foundation,Physical Sciences,Environmental Science,505959559.1433638
2025,National Science Foundation,Life Sciences,Agricultural and Biological Sciences,443580293.72458434
2025,National Science Foundation,Physical Sciences,Earth and Planetary Sciences,368311984.14086777
2025,National Science Foundation,Physical Sciences,Computer Science,332803870.5386556
2025,National Science Foundation,Life Sciences,"Biochemistry, Genetics and Molecular Biology",292923772.213138
2025,National Science Foundation,Social Sciences,Psychology,287689942.6309561
2025,National Science Foundation,Social Sciences,Arts and Humanities,156577003.08223552
2025,National Science Foundation,Physical Sciences,Mathematics,144026549.89063743
2025,National Science Foundation,Physical Sciences,Materials Science,132564864.44693387
2025,National Science Foundation,Life Sciences,Neuroscience,124400256.14693764
2025,National Science Foundation,Health Sciences,Veterinary,120400765.64388263
2025,National Science Foundation,Social Sciences,"Economics, Econometrics and Finance",118109653.40950024
2025,National Science Foundation,Health Sciences,Health Professions,108735219.68167904
2025,National Science Foundation,Social Sciences,"Business, Management and Accounting",107259385.84947506
2025,National Science Foundation,Social Sciences,Decision Sciences,99794330.46837278
2025,National Science Foundation,Life Sciences,Immunology and Microbiology,49936879.04655623
2025,National Science Foundation,Physical Sciences,Chemistry,34452065.905025326
2025,National Science Foundation,Life Sciences,"Pharmacology, Toxicology and Pharmaceutics",8609745.566655831
2025,National Science Foundation,Health Sciences,Nursing,8552540.420628626
2025,National Science Foundation,Physical Sciences,Chemical Engineering,5008510.881617371
2025,National Science Foundation,Health Sciences,Dentistry,3230229.060067646
2025,National Science Foundation,Physical Sciences,Energy,916755.2363526863
2026,National Institutes of Health,Health Sciences,Medicine,8826230717.681868
2026,National Institutes of Health,Social Sciences,Social Sciences,2969253439.6556835
2026,National Institutes of Health,Life Sciences,"Biochemistry, Genetics and Molecular Biology",2568875786.3603754
2026,National Institutes of Health,Physical Sciences,Physics and Astronomy,1460120194.4796226
2026,National Institutes of Health,Social Sciences,Psychology,980957364.2708628
2026,National Institutes of Health,Physical Sciences,Engineering,862071107.3826672
2026,National Institutes of Health,Life Sciences,Agricultural and Biological Sciences,814254518.54257
2026,National Institutes of Health,Life Sciences,Neuroscience,800142857.2865376
2026,National Institutes of Health,Health Sciences,Health Professions,760822543.7747744
2026,National Institutes of Health,Physical Sciences,Environmental Science,683958268.159128
2026,National Institutes of Health,Life Sciences,Immunology and Microbiology,641451596.0962999
2026,National Institutes of Health,Social Sciences,"Economics, Econometrics and Finance",580006748.0421149
2026,National Institutes of Health,Physical Sciences,Computer Science,511264027.9312395
2026,National Institutes of Health,Health Sciences,Veterinary,381974821.49726677
2026,National Institutes of Health,Social Sciences,Arts and Humanities,347168794.1282829
2026,National Institutes of Health,Physical Sciences,Mathematics,343893396.0155661
2026,National Institutes of Health,Physical Sciences,Earth and Planetary Sciences,334318932.54750013
2026,National Institutes of Health,Social Sciences,"Business, Management and Accounting",288641066.3465541
2026,National Institutes of Health,Social Sciences,Decision Sciences,262654656.2553164
2026,National Institutes of Health,Physical Sciences,Materials Science,168399522.85659453
2026,National Institutes of Health,Health Sciences,Nursing,99307665.44609085
2026,National Institutes of Health,Physical Sciences,Chemistry,93945978.65782975
2026,National Institutes of Health,Health Sciences,Dentistry,29230330.237568766
2026,National Institutes of Health,Life Sciences,"Pharmacology, Toxicology and Pharmaceutics",28277561.147443164
2026,National Institutes of Health,Physical Sciences,Chemical Engineering,8452021.684519297
2026,National Institutes of Health,Physical Sciences,Energy,1819443.985725003
2026,National Science Foundation,Physical Sciences,Physics and Astronomy,424350319.42593616
2026,National Science Foundation,Social Sciences,Social Sciences,316521341.8968006
2026,National Science Foundation,Physical Sciences,Engineering,286615809.2986272
2026,National Science Foundation,Health Sciences,Medicine,252802353.0976983
2026,National Science Foundation,Physical Sciences,Environmental Science,189261554.94246075
2026,National Science Foundation,Physical Sciences,Earth and Planetary Sciences,166341858.01746967
2026,National Science Foundation,Life Sciences,Agricultural and Biological Sciences,143575196.25067878
2026,National Science Foundation,Life Sciences,"Biochemistry, Genetics and Molecular Biology",117498987.39710987
2026,National Science Foundation,Physical Sciences,Computer Science,110920800.90985726
2026,National Science Foundation,Social Sciences,Psychology,83479821.4603564
2026,National Science Foundation,Social Sciences,Arts and Humanities,60062600.29762716
2026,National Science Foundation,Physical Sciences,Materials Science,56590267.00181069
2026,National Science Foundation,Life Sciences,Neuroscience,47752634.17023345
2026,National Science Foundation,Health Sciences,Health Professions,41812799.750241265
2026,National Science Foundation,Social Sciences,"Economics, Econometrics and Finance",37973759.47602296
2026,National Science Foundation,Physical Sciences,Mathematics,35979901.311631575
2026,National Science Foundation,Health Sciences,Veterinary,30346048.44373452
2026,National Science Foundation,Social Sciences,"Business, Management and Accounting",29404602.923889443
2026,National Science Foundation,Social Sciences,Decision Sciences,25891216.188110754
2026,National Science Foundation,Life Sciences,Immunology and Microbiology,17934812.09839132
2026,National Science Foundation,Physical Sciences,Chemistry,12195060.255105667
2026,National Science Foundation,Health Sciences,Nursing,4219847.598975838
2026,National Science Foundation,Health Sciences,Dentistry,1908973.0796533292
2026,National Science Foundation,Life Sciences,"Pharmacology, Toxicology and Pharmaceutics",1579017.646383433
2026,National Science Foundation,Physical Sciences,Chemical Engineering,1567682.4916866953
2026,National Science Foundation,Physical Sciences,Energy,383236.5695066987
