uei,lat,lon
E4SPG9ZLLE76,32.7157096862793,-117.16471862792969
J4EYPCJDQ1H6,29.42411994934082,-98.4936294555664
PB3AJE5ZEJ59,44.7988395690918,-68.77265167236328
JB33DT84JNA5,35.22709,-80.84313
CL7KJX2VFHS9,37.215328216552734,-93.2982406616211
HWPEKM8VFTJ9,35.61266,-77.36635
PHMKYKKJLQS1,32.90142059326172,-117.24195861816406
SKG7TLUN8JH6,39.9523811340332,-75.16361999511719
EVWJPCY6AD97,37.27069854736328,-76.70745849609375
EZ4WPGRE1RD5,46.87719,-96.7898
G6VVMPNK4Y48,42.65258,-73.75623
SSUJB3GSH8A5,38.97167,-95.23525
HS5HWWK1AAU5,29.883270263671875,-97.94139099121094
MSPWVMXXMN76,29.30135,-94.7977
WLDGTNCFFJZ3,39.52962875366211,-119.81379699707031
DLTJBDQBGBC9,36.165889739990234,-86.78443908691406
CJAJYT2KW771,44.08053970336914,-103.23101043701172
VLQKFEEJ3NE9,39.73915100097656,-104.98470306396484
QKWEF8XLMTT3,29.76328,-95.36327
C31ES3WEAVQ5,38.93688201904297,-76.99869537353516
HH1NQ1B5MPV3,38.41925048828125,-82.44515228271484
YY46Q97AEZA8,34.00959777832031,-118.49066925048828
V6AFQPN18437,30.26715,-97.74306
E13MDBKHLDB5,40.62593078613281,-75.3704605102539
JZDRNT166LE4,43.0323600769043,-88.0238265991211
Y3RET2XN41S5,27.800579071044922,-97.39637756347656
DW1XZMGNFBL4,39.9523811340332,-75.16361999511719
G1THVER8BNL4,34.36650085449219,-89.51924896240234
G7MQPLSUX1L4,39.9523811340332,-75.16361999511719
TJFZLPP6NYL6,47.60621,-122.33207
EN9DMTETW3N1,33.78778839111328,-117.85311126708984
SB35ENJFKK14,33.44837951660156,-112.07404327392578
U3ZFA57417D4,48.75955,-122.48822
M2EEE68GGCY9,41.92947006225586,-88.75035858154297
H1HYA8Z1NTM5,37.98869,-84.47772
DVL1CMRMWRN9,34.05223083496094,-118.24368286132812
YDQLHSMTBZ24,28.083629608154297,-80.60810852050781
MCKWJYCWNVN3,42.39365768432617,-71.19107818603516
JL4JHE9SDRR3,35.14953,-90.04898
QLRCUJ8JTN53,42.96950149536133,-85.66699981689453
G192A9HR62S5,41.03582763671875,-73.75983428955078
T6J6AF3AM8M8,39.50699996948242,-84.74523162841797
RN64EPNH8JC6,34.05223,-118.24368
HTQ6K6NJFHA6,40.8,-96.66696
N4WWJC8T2593,33.47114562988281,-81.98999786376953
NGCNCJ1X6XA4,35.4827766418457,-97.49722290039062
RQMFJGDTQ5V3,25.72149,-80.26838
CFMMM5JM7HJ9,39.18361,-96.57167
NH64NT271S93,41.25625991821289,-95.9404296875
SGBMHQ7VXNH5,40.735660552978516,-74.17237091064453
JHTYTGKYWLL9,38.56317138671875,-76.07882690429688
C4BXLBC11LC6,43.048118591308594,-76.14742279052734
M7KCJ79FAVH5,29.95465,-90.07507
DMQNDJDHTDG4,32.60986,-85.48078
E1KJM4T54MK6,38.25423812866211,-85.75940704345703
NZBMKZMW68N3,38.895111083984375,-77.03636932373047
L4EEW9SQX2F6,34.030094146728516,-118.02519226074219
HYYJJ5ZP7CR9,29.76328,-95.36327
YVVTQD8CJC79,40.48622,-74.45182
DLUTVJJ15U66,39.52962875366211,-119.81379699707031
HMSNCM57QNR5,47.60621,-122.33207
G15AG3BLLMH4,40.8,-96.66696
KXN7HGCF6K91,25.72149,-80.26838
T3NGNR66YK89,40.48622,-74.45182
FZRNFQTKADH1,40.8,-96.66696
F8THLJQSAF93,25.72149,-80.26838
QL3ZB67MLJL5,40.48622,-74.45182
QHHJD3X516J9,40.48622,-74.45182
MNJ3PQ7MXFN6,40.48622,-74.45182
MG5BM5RM42J9,40.48622,-74.45182
M1LVPE5GLSD9,40.48622,-74.45182
EJMHW8SL81L7,40.48622,-74.45182
HKJCKTFJNBM7,43.0389,-87.90647
QDE5UHE5XD16,37.22957,-80.41394
GT28BRBA2Q49,42.375099182128906,-71.1056137084961
VUYJL5Q7YCZ3,41.810279846191406,-71.41088104248047
YND4PLMC9AN7,33.52066,-86.80249
DNZNC466DGR7,44.31135940551758,-96.79839324951172
NPH1VN32EWN5,34.69804,-118.13674
MJL7LEL4B6M6,41.15755844116211,-81.24205017089844
KABJZBBJ4B54,44.97997,-93.26384
S3GMKS8ELA16,29.76328,-95.36327
WKPTJDWG2C68,40.714271545410156,-74.00596618652344
EYNYSU6L8ZX6,40.04622,-75.35991
GY8NMUZQXVS7,35.22257,-97.43948
WNN6VH618X58,28.083629608154297,-80.60810852050781
GBNGC495XA67,42.98719024658203,-71.4687728881836
MXHAS3AKPRN1,35.19807052612305,-111.6512680053711
EMW9FC8J3HN4,33.749,-84.38798
LNGXAKMH8J26,43.53458786010742,-96.71378326416016
K49BLGJHG935,38.99066925048828,-77.02609252929688
WS29EMGEVEJ4,43.125972747802734,-77.6127700805664
U46RJM97ML83,44.38758,-68.2039
ZUE9HKT2CLC9,41.85003,-87.65005
HJTLACN81NK1,42.68059158325195,-83.13381958007812
J19ZXYATJLT3,33.44837951660156,-112.07404327392578
H1TYS4PK8EC5,41.264442443847656,-96.13277435302734
C1CPANL3EWK4,42.339786529541016,-71.10518646240234
MV9GTK4QFA99,44.9799690246582,-93.26383972167969
LHGDNJMZ64Y1,40.714271545410156,-74.00596618652344
H5G9NWEFHXN4,42.3751,-71.10561
QWYKRJH5NNJ3,46.732391357421875,-117.00016784667969
KD5TGBT7AKC9,41.852325439453125,-71.39766693115234
U44ZMVYU52U6,29.42412,-98.49363
J7WULLYGFRH1,42.29171,-85.58723
FTAAW94S6LC6,30.09327,-95.98773
JW7MLW3RRK34,36.01036071777344,-84.26963806152344
SKX6AXF9ZTM3,37.77653884887695,-122.39203643798828
GFKFBWG2TV98,41.55149841308594,-70.61475372314453
PMMKPCKNN9R2,41.63899,-70.97032
C3KXNLTAAY98,29.42412,-98.49363
TP7EK8DZV6N5,35.99403,-78.89862
MLQFL4JSSAA9,37.55376,-77.46026
DKMDCB5HNBL7,39.33550262451172,-76.65545654296875
MJC5FCYQTPE6,33.66946,-117.82311
L3ATVUT2KNK7,26.301740646362305,-98.16333770751953
MXLZGAMFEKN5,42.37649154663086,-71.23561096191406
HJNQME41NBU4,42.26259,-71.80229
Z94KLERAG5V9,44.47588,-73.21207
H59JKGFZKHL7,32.7157096862793,-117.16471862792969
LWLJAPATKEL8,37.88078308105469,-122.24449157714844
C1DEGMMKC7W7,31.75872039794922,-106.48693084716797
C155UU2TXCP3,41.85002899169922,-87.6500473022461
F125YU6SWK59,39.961181640625,-82.99878692626953
VPWMMPGGPJ74,39.240379333496094,-76.83941650390625
NQMVAAQUFU53,42.65258,-73.75623
FDR5YF2K32X5,41.31137,-105.5911
R8JEVL4ULGB7,39.9523811340332,-75.16361999511719
J22LNTMEDP73,34.00071,-81.03481
NCSMA19DF7E6,34.05223083496094,-118.24368286132812
TUS8D6ZGL9R3,39.95238,-75.16362
XA77NAJYELF1,41.6639404296875,-83.55520629882812
J6TWTRKC1X14,43.15478,-77.61556
EVTSTTLCEWS5,35.22257,-97.43948
CWKJEXDG79A7,39.961181640625,-82.99878692626953
NJ14V2NZYM68,42.65258,-73.75623
M9ACC5DQCNL6,41.6639404296875,-83.55520629882812
NHH3T1Z96H29,42.65258,-73.75623
M746VC6XMNH9,42.65258,-73.75623
LMCJKRFW5R81,42.65258,-73.75623
HYN3WD58HNN7,42.65258,-73.75623
CDAQNZCL6287,42.65258,-73.75623
LTJVF4QSFCP9,33.83584976196289,-118.34062957763672
TPALZA9N4M11,47.60621,-122.33207
XAJWT43U55A3,41.85002899169922,-87.6500473022461
GV31TMFLPY88,40.871490478515625,-73.456787109375
M1K8LJAET5R1,31.327119827270508,-89.29033660888672
LAGNHMC58DF3,34.04654312133789,-118.08284759521484
Q7KKMKT2ANN7,32.264381408691406,-110.94628143310547
N876TLXYGCG4,41.82398986816406,-71.41282653808594
LXEJEU58YZG6,41.844566345214844,-71.38021087646484
NTLHJXM55KZ6,33.41477,-111.90931
HJMKEF7EJW69,41.4995,-81.69541
LTNVSTJ3R6D5,42.64271545410156,-71.33453369140625
SRG2J1WS9X63,37.45383071899414,-122.18218994140625
FFM7VPAG8P92,37.30215835571289,-120.48297119140625
NPSNT86JKN51,45.5234489440918,-122.67620849609375
G389MFAYJNG9,35.08449,-106.65114
VXUFPE4MCZH5,36.97412109375,-122.03079986572266
RD7MXJV7DKT9,28.53834,-81.37924
YNT8TCJH8FQ8,40.71427,-74.00597
RSWNKK6J8CF3,47.92526,-97.03285
Q7N8CH7NR418,38.89511,-77.03637
DFNLDECWM8J8,41.08144,-81.51901
GM6EL1UH2L83,36.76578903198242,-121.75800323486328
QHF5ZZ114M72,40.71427,-74.00597
L6NFUM28LQM5,47.60621,-122.33207
JQH2GEMCAVN5,40.96342,-76.61273
F4SLJ5WF59F6,37.77493,-122.41942
M2XKLRTA9G44,41.52701187133789,-70.6732406616211
YLF2SS2NYGC5,39.095733642578125,-77.19732666015625
Z3FGN9MF92U2,44.05207,-123.08675
MVRJYL6A9VF1,38.62726974487305,-90.19789123535156
XQJNZNQZAFP3,39.92595,-75.11962
FY85DRNMJAM4,42.46036911010742,-71.34895324707031
L1DXXP1KGP77,35.9940299987793,-78.89862060546875
J3Z5MNJJ3FZ4,40.44062042236328,-79.99588775634766
KG76WYENL5K1,42.04114,-87.69006
XJ7MMPHBMGM7,41.89710235595703,-87.62161254882812
ETGMYV7CKAJ7,30.33218002319336,-81.65564727783203
MJ3JH8CRJBZ7,42.35843,-71.05977
KXNVA7JCC5K6,41.14641189575195,-81.34174346923828
XQQJEDK7JC21,42.35843,-71.05977
EYMJXLN2MFB4,39.96118,-82.99879
SKH5GMBR9GL3,36.07263946533203,-79.79197692871094
FPU6XGFXMBE9,41.70019,-86.23793
ECESTN2SSVH1,40.714271545410156,-74.00596618652344
SN7KD2UK7GC5,36.09986,-80.24422
YRXVL4JYCEF5,40.42587,-86.90807
M3KHEEYRM1S6,38.895111083984375,-77.03636932373047
GS3YEVSS12N6,37.80437,-122.2708
H58TR2D7DNE3,37.404876708984375,-122.1409683227539
DAY7Z8ZD48Q3,46.87215042114258,-113.99400329589844
EJ3UF7TK8RT5,45.67965,-111.03856
HLTMVS2JZBS6,42.358428955078125,-71.05976867675781
ZPAUY3FQMM26,32.7157096862793,-117.16471862792969
D5S9JZ1KDP49,42.364688873291016,-72.54656982421875
JJ6CN5Y5A2R5,40.74399185180664,-74.03235626220703
JW2NGMP4NMA3,39.75554,-105.2211
YEZEE8W5JKA3,40.01499,-105.27055
NRJ8QC6LM4T1,36.009944915771484,-78.93781280517578
K51LECU1G8N3,29.76328,-95.36327
HB6KNGVNJRU1,34.73040008544922,-86.5859375
FLJ7DQKLL226,42.358428955078125,-71.05976867675781
C186U32QSBR9,42.375099182128906,-71.1056137084961
X1M1PN3KG3E7,35.96064,-83.92074
ECR5E2LU5BL6,38.89511,-77.03637
KMZBB7SJBP72,38.89511,-77.03637
SZAKFNU35ZX5,34.0483512878418,-117.26114654541016
LMF5HEYNM148,18.01031,-66.62398
VGJHK59NMPK9,42.358428955078125,-71.05976867675781
GMR5T8P487D7,40.81599426269531,-73.95215606689453
F6XLTRUQJEN4,35.08449,-106.65114
KQ1KJG78NNS9,38.89511,-77.03637
F4N1QNPB95M4,40.71427,-74.00597
HD1WMN6945W6,47.60621,-122.33207
EXZVPWZBLUE8,42.04114,-87.69006
NA7AKMLK2BM1,42.35843,-71.05977
MBU6HCLNZ431,36.09986,-80.24422
ENBLDJUN4N73,37.80437,-122.2708
FN2YCS2YAUW3,35.96064,-83.92074
JJDYK36PRTL5,43.597808837890625,-84.76750946044922
JKKNZLNYLJ19,37.69224166870117,-97.33753967285156
EB8ASJBCFER9,43.70229,-72.28954
MZ4DYXE1SL98,44.56457,-123.26204
PB11V1KH3KV4,29.42411994934082,-98.4936294555664
QCKAHGYGVCE4,38.232421875,-122.63665008544922
YL62T9FVJXG3,13.447609901428223,144.80108642578125
QB12VPNQQFE8,30.694360733032227,-88.04305267333984
KWTAB1GYM4L9,18.46632957458496,-66.10572052001953
KUKXRCZ6NZC2,40.71427,-74.00597
C9MRZK4B7K39,42.363304138183594,-71.20196533203125
DZFJT2KH9C43,61.21805953979492,-149.90028381347656
E2NDENMDUEG8,41.85003,-87.65005
QN6MS4VN7BD1,42.358428955078125,-71.05976867675781
WL9FLBRVPJJ7,42.41843,-71.10616
WCUGNQQ8DZU1,39.73915,-104.9847
SZ32VTCXM799,47.60621,-122.33207
PBBNV32ZW7Q6,38.89511,-77.03637
RFRPFMNR8LA5,41.85002899169922,-87.6500473022461
JTFKX11JLHS8,17.727510452270508,-64.74697875976562
C148TBZATPA8,41.7923469543457,-71.3677749633789
DRTAEZWWJHM8,43.876468658447266,-69.63365936279297
NX9PXMKW5KW8,40.71427,-74.00597
WFVHMSF6BU45,32.295982360839844,-90.20465850830078
V913TCT2SFZ9,42.32558059692383,-87.84117889404297
WKAUE7NHR4L1,37.386051177978516,-122.08384704589844
NZVVQ8GNVX65,43.00298309326172,-71.25765228271484
KULSKCCZJT27,39.29037857055664,-76.61219024658203
G9QBQDH39DF4,34.42083,-119.69819
MQE2JHHJW9Q8,42.26258850097656,-71.80229187011719
TNKGNDAWB445,40.79339,-77.86
ZQ12LY4L5H39,38.89511,-77.03637
FL8UNYTG72D1,32.84727,-117.2742
RCNJEHZ83EV6,33.20984,-87.56917
SPE2YDWHDYU4,41.73548889160156,-111.83438873291016
MPYFY5UMSDP4,41.85002899169922,-87.6500473022461
P2TDH1JCJD31,33.76696014404297,-118.1892318725586
FA4VKPTJRLY8,30.44332,-91.18747
EKHKFP33NN53,33.14337158203125,-117.1661376953125
GYLUH9UXHDX5,36.165889739990234,-86.78443908691406
E6KZG3MNE1D5,43.59904479980469,-96.69390869140625
DPMGH9MG1X67,42.358428955078125,-71.05976867675781
RRCZRDT5DHP1,27.947519302368164,-82.45842742919922
NNJ6BMBTFGN5,32.84727,-117.2742
YM5EKEVEGB75,39.29037857055664,-76.61219024658203
HGAAKCE3A7P7,29.95465,-90.07507
F6G9C4HMNHW4,38.90705108642578,-77.0429458618164
Z1H9VJS8NG16,41.66113,-91.53017
XJUCJAYJWYV1,29.763280868530273,-95.36327362060547
UWNWSADJYYZ3,30.210474014282227,-95.52796936035156
X59NJBFL8BJ3,32.32963180541992,-90.19607543945312
HYWTVM5HNFM3,43.61349868774414,-116.20345306396484
LLLYTJ6LYD21,42.94881057739258,-72.29212188720703
TYVNMW8FNQQ3,42.68684005737305,-73.72928619384766
CJDNG9D14MW7,41.48038,-71.52256
C6T9BYG5EYX5,31.54932975769043,-97.14666748046875
Y8CWNJRCNN91,40.11059,-88.20727
M6K6NTJ2MNE5,42.33143,-83.04575
THL6A6JLE1S7,42.35843,-71.05977
TF2CMKY1HMX9,38.89511,-77.03637
F2VSMAKDH8Z7,35.14952850341797,-90.04898071289062
ELVQARY4EJZ4,38.58156967163086,-121.49440002441406
NVUWAFWQ57S5,39.04747009277344,-77.12494659423828
W6Q8XJV41Z98,43.073360443115234,-89.40813446044922
VDFYLZPJEAV6,34.74648,-92.28959
E8VWJXMMUQ67,43.03889846801758,-87.9064712524414
LXHMMWRKN5N8,39.32924,-82.10126
WWH4L4GKKW58,42.371376037597656,-71.21891021728516
MR5QC5FCAVH5,33.95335,-117.39616
VL5FH97BNMH5,21.30694007873535,-157.85833740234375
LL8GLEVH6MG3,40.76078,-111.89105
C1F5LNUF7W86,42.41843,-71.10616
M5SZJ6VHUHN8,40.71427,-74.00597
NPM2J7MSCF61,40.79339,-77.86
ECQEYCHRNKJ4,30.44332,-91.18747
EAL3QNJK3CB9,42.68684005737305,-73.72928619384766
W8XEAJDKMXH3,40.11059,-88.20727
FBYMGMHW4X95,42.35843,-71.05977
NSCKLFSSABF2,21.30694007873535,-157.85833740234375
CGCDJ24JJLZ1,42.35843,-71.05977
E3FDXZ6TBHW3,41.82399,-71.41283
D33QGS3Q3DJ3,32.783058166503906,-96.80667114257812
WK63UJ11C2H7,41.07482147216797,-73.77513122558594
YZJ6DKPM4W63,32.78306,-96.80667
C5LHMPRJ9J19,40.79787826538086,-73.69956970214844
DVHKP4N619V9,27.94752,-82.45843
S352L5PJLMP8,33.749000549316406,-84.38797760009766
PKFJZHG2MLG9,38.89302062988281,-77.04774475097656
NNFQH1JAPEP3,29.65163,-82.32483
R28EKN92ZTZ9,42.73698,-84.48387
JJHCMK4NT5N3,35.9940299987793,-78.89862060546875
WMHWCFJNAJL3,38.107421875,-122.5697021484375
G88KLJR3KYT5,34.05223,-118.24368
NKAZLXLL7Z91,27.94752,-82.45843
NPT2UNTNHJZ1,39.758949279785156,-84.19161224365234
NJH3YBU1VHB7,37.804405212402344,-122.27519226074219
SMK9PCMKXED6,47.62245178222656,-122.33670806884766
JGA3E25MFDV9,33.75077819824219,-84.40684509277344
NPU8ULVAAS23,38.98067,-76.93692
V5LLVC627U34,36.31344,-82.35347
H4CAHK2RD945,45.5234489440918,-122.67620849609375
R9NXPE2GTCN9,42.33142852783203,-83.0457534790039
E4Z2NUYUMHF9,33.57786178588867,-101.85517120361328
UUUMQVGJNNX1,42.358428955078125,-71.05976867675781
W1NBN156CYF9,38.89511,-77.03637
F27KDXZMF9Y8,43.15478,-77.61556
DLWBSLWAJWR1,39.96118,-82.99879
RNKYWXURFRL5,39.29037857055664,-76.61219024658203
NJZEFMRACCH9,37.7823486328125,-122.50485229492188
NTXJM52SHKS7,33.45049,-88.81961
ED44Y3W6P7B9,32.22174,-110.92648
UYTTZT6G9DT1,32.71571,-117.16472
DMDEQP66JL85,39.70288848876953,-75.1118392944336
LCLSJAGTNZQ7,43.07305,-89.40123
PFBDNBDS57H3,33.926387786865234,-118.24173736572266
Z1L9F1MM1RY3,42.35843,-71.05977
ULMJJBL7ZXX3,33.50920867919922,-111.89903259277344
H6D6JMXJXDE6,41.71982,-72.83204
HJD6G4D6TJY5,37.42411,-122.16608
JWSYC7RUMJD1,40.23384094238281,-111.65853118896484
YKGMTXA2NVL6,41.4995002746582,-81.6954116821289
U5WBFKEBLMX3,42.72840881347656,-73.69178771972656
MNS7B9CVKDN7,33.749000549316406,-84.38797760009766
LMLUKUPJJ9N3,32.73099899291992,-97.11499786376953
KH6NJ6ND8737,37.77493,-122.41942
Q3KCVK5S9CP1,25.774269104003906,-80.19365692138672
DZ4YCZ3QSPR5,39.12711,-84.51439
GM1XX56LEP58,39.95238,-75.16362
MC4RJJM9XLT5,35.28275,-120.65962
Q3LLLDFHPNL3,18.46633,-66.10572
H2BMNX7DSKU8,34.683441162109375,-82.83737182617188
XRJSGX384TD6,46.73127,-117.17962
U2JMKHNS5TG4,34.14778,-118.14452
C13DF16LC3H4,36.07263946533203,-79.79197692871094
H4VNDUN2VWU5,38.89511,-77.03637
F3GJXVP1L166,30.46076011657715,-91.18868255615234
FF1XVJMDYVR1,40.70708465576172,-74.01315307617188
M5QFLTCTSQN6,41.4995,-81.69541
PHZJFZ32NKH4,32.7157096862793,-117.16471862792969
EGLKRQ5JBCZ7,33.57786,-101.85517
JE8AKPCR2KA4,32.72541,-97.32085
SL2PF6R7MRN1,44.66978073120117,-74.98130798339844
XF3XM9642N96,39.95238,-75.16362
KSJKE3KVNBB4,37.02199935913086,-76.33599853515625
LXCNYLGGX6N7,40.76504898071289,-73.96005249023438
YXJGGNC5J269,39.11417007446289,-94.62745666503906
U9JCYEXFEEU4,32.42414855957031,-85.69096374511719
LJBXV5VF2BT9,37.33938980102539,-121.89495849609375
H65GNDPBTRY7,44.85591125488281,-93.22704315185547
T72NHKM259N3,39.68372,-75.74966
JJG6HU8PA4S5,38.02931,-78.47668
QD4MGHFDJKU1,39.9523811340332,-75.16361999511719
C8H9CNG1VBD9,40.71427,-74.00597
U3NVH931QJJ3,35.7721,-78.63861
NNYDFK5FTSX9,36.11560821533203,-97.0583724975586
MBKKNQM9QME3,42.04114,-87.69006
NFHEUCKBFMU4,47.60620880126953,-122.33206939697266
NH77YPDEGG84,42.73698,-84.48387
LFDKLGTB62C4,38.89511,-77.03637
QJ8HMDK7MRM3,32.71571,-117.16472
JBQ9M3PLFDP5,43.07305,-89.40123
LLABHNB9ABM4,18.46633,-66.10572
MGUCX773RNJ8,32.7157096862793,-117.16471862792969
DDL5KU1YZLP3,38.89511,-77.03637
GZRNJ1GZDBM1,18.46633,-66.10572
FDLEQSJ8FF63,64.83778381347656,-147.7163848876953
FXKMA43NTV21,29.76328,-95.36327
JJKGF97BMBE1,46.00382,-112.53474
YH86RTW2YVJ4,39.16533,-86.52639
ELA9KB9GJCN8,36.84680938720703,-76.28521728515625
XNY5ULPU8EN6,29.95465,-90.07507
XR6LMXNKDJJ1,44.38758,-68.2039
UYLKBRENAPG5,38.98067,-77.10026
S9GFNEC7QLZ7,40.714271545410156,-74.00596618652344
M7PNRH24BBM8,39.62953,-79.9559
RZZ8BMQ47KX3,39.187110900878906,-75.54206848144531
JZD1HLM2ZU83,39.14048767089844,-84.50108337402344
M3GAQBN4BWH6,34.73040008544922,-86.5859375
MBD2CZMR5N48,40.01499,-105.27055
NJ1YPQXQG7U5,40.34872,-74.65905
FL6GV84CKN57,41.30815,-72.92816
QJZ1F3UMLEJ4,34.108341217041016,-117.2897720336914
MKAGLD59JRL1,40.44062,-79.99589
GKPBCFV1QMM3,30.33218002319336,-81.65564727783203
MAYKB1LWD5U9,43.77100372314453,-70.27682495117188
J3M5GZAT8N85,32.31232,-106.77834
NLG5Q8FA5TE8,38.94151306152344,-77.33953094482422
LT9CXX8L19G1,40.58526,-105.08442
W8LKB16HV1K5,30.43825912475586,-84.28073120117188
D3LHU66KBLD5,35.9132,-79.05584
N52NHWMBZNG5,39.084049224853516,-94.57717895507812
P1RTMASB37B5,33.90249252319336,-118.13292694091797
U3NKNFLNQ613,40.44062,-79.99589
NMJHD63STRC5,33.791770935058594,-84.39508819580078
FFWJTXCKDLK5,42.37092971801758,-71.18283081054688
PK9FMGRDRVD5,36.408409118652344,-83.47925567626953
DRRKVZVXSND3,47.61601257324219,-122.33078002929688
EADLFP7Z72E5,38.84621810913086,-77.3063735961914
KMH5K9V7S518,37.77493,-122.41942
MNJDKB4FXLM6,40.71427,-74.00597
JNBLLTBTLLD8,38.62726974487305,-90.19789123535156
JF2BLNN4PJC3,30.43825912475586,-84.28073120117188
K4FYB2EJVL32,34.74648,-92.28959
SLMPURD4W9U9,37.02987,-76.34522
Y2K4F9RPRRG7,44.02163,-92.4699
WQNERYY3BK94,39.29037857055664,-76.61219024658203
GKMSN3DA6P91,47.12186813354492,-88.56900787353516
GNJ7BBP73WE9,42.27756,-83.74088
DQDBM7FGJPC5,42.03471,-93.61994
E2NYLCDML6V1,42.3751,-71.10561
TX2DAGQPENZ5,38.54491,-121.74052
GTNBNWXJ12D5,36.16589,-86.78444
DYZNJGLTHMR9,38.895111083984375,-77.03636932373047
UNVDZNFA8R29,39.29038,-76.61219
MECEHTM8DB17,34.74648,-92.28959
WNTPS995QBM7,41.80843,-72.24952
QD1MX6N5YTN4,30.62798,-96.33441
V62NC51F7YV1,39.758949279785156,-84.19161224365234
Q266L2NDAVP1,26.35869,-80.0831
G56PUALJ3KT5,42.44063,-76.49661
JZ8RQC4EMDZ5,42.358428955078125,-71.05976867675781
Z9CRZKD42ZT1,39.29038,-76.61219
MND6UJJX4PB3,39.051231384277344,-76.9411849975586
LGHBJMLVD8H3,40.714271545410156,-74.00596618652344
SHHBRBAPSM35,39.16533,-86.52639
DSLXBD7UWRV6,36.84680938720703,-76.28521728515625
L952KGDMSLV5,40.714271545410156,-74.00596618652344
DWH7MSXKA2A8,36.16589,-86.78444
LN53LCFJFL45,39.29038,-76.61219
DBP4N9GHCA14,34.74648,-92.28959
KU3DCFJJTVN3,30.62798,-96.33441
FWY1FX3THXC5,40.714271545410156,-74.00596618652344
JDLVAVGYJQ21,39.29038,-76.61219
JF6XLNB4CDJ5,30.62798,-96.33441
EUYXHRL5MLL3,40.714271545410156,-74.00596618652344
FTMTDMBR29C7,39.29038,-76.61219
GGFBMCXBJLY1,30.62798,-96.33441
EK93EZLLBSC4,40.714271545410156,-74.00596618652344
EQH8NQ4AXFT7,30.62798,-96.33441
EJABWGUJM228,40.714271545410156,-74.00596618652344
WUWGNMBAHKG2,38.86030578613281,-77.36298370361328
U5MMBAC9XAM5,29.21081,-81.02283
GSLCJ3M62XX1,42.26259,-71.80229
MZ9DFVC2J1B7,42.3876,-71.0995
YDWAYVVQHNK5,40.71427,-74.00597
NUNHAKQ7MS86,40.430152893066406,-79.96976470947266
LQK1DD1EYZK9,40.71427,-74.00597
VQ5WK498QDC6,33.88292694091797,-117.88691711425781
GL8EKK2U5YE9,38.90360641479492,-77.04317474365234
F4BMNBQK9BM1,32.930946350097656,-96.79496002197266
MR7ZQXJSQKA5,38.908355712890625,-77.09369659423828
ZGKVAM2JVKG2,38.90025329589844,-77.02789306640625
Y28BEBJ4MNU7,37.713802337646484,-89.21165466308594
N63ZMY7UETA3,36.165889739990234,-86.78443908691406
LV8GL8MLU9A3,40.51871871948242,-74.41210174560547
EJCVPNN1WFS5,32.94818,-96.72972
SPVKK1RC2MZ3,40.014991760253906,-105.27055358886719
XCPKWEM58CV5,35.9132,-79.05584
MWYVQTQ32ME5,30.4031925201416,-91.1226577758789
U9EDNSCHTBE7,42.77944,-96.92921
VRAASTY11EA3,35.9940299987793,-78.89862060546875
C1ABLRAQTB48,34.05223083496094,-118.24368286132812
NHV3GTWSALA7,32.77632,-79.93275
HZJ2JZUALWN4,34.05839920043945,-106.89141845703125
MX8ULDF6SDD6,36.15398025512695,-95.99276733398438
MY2ERHGDV956,42.349510192871094,-71.06330871582031
X5S7PNXMJMC7,33.749000549316406,-84.38797760009766
KZNHNMDUTJA5,36.162841796875,-85.50164031982422
C169K7T4QZ96,30.22409,-92.01984
G47WN1XZNWX9,33.21484,-97.13307
LZYFSK879778,40.849849700927734,-73.86640930175781
ZUFBNVZ587D4,29.76328,-95.36327
Y6MGH342N169,38.95171,-92.33407
Z1L7BKGEAGC7,26.077899932861328,-80.24188995361328
MW8JHK6ZYEX8,40.014991760253906,-105.27055358886719
H6N1ZF5HJ2G3,40.849849700927734,-73.86640930175781
HFT7XTHB6563,29.76328,-95.36327
SZPJL5ZRCLF4,38.95171,-92.33407
J9CDGR596MN3,38.95171,-92.33407
